1,Rautenstrauch,Francoise,4MI7QT9JC8,francoise.rautenstrauch@rautenstrauch.com
2,Loud,Kendra,XPWEV7ATUF,kloud@gmail.com
3,Bauswell,Lourdes,0N4ULVL2M4,lourdes_bauswell@aol.com
4,Edmison,Hannah,GZ97YV3JT6,Hannah4
5,Loeza,Tom,0PL71OEUSF,Tom5
6,Kramarczyk,Queenie,M4FN6A1A79,Queenie6
7,Portaro,Hui,DNOV3BO3H3,hui_portaro@cox.net
8,Opitz,Josefa,CLJ8JAD4VY,josefa.opitz@opitz.org
9,Steinhaus,Lea,I41JOM3XUR,lsteinhaus@cox.net
10,Vielma,Paola,70BOADYXNX,Paola10
11,Bresser,Hortencia,XPOLQMX260,hbresser@aol.com
12,Tijerina,Leanna,W31K4WOQHZ,leanna@cox.net
13,Pride,Danilo,QLBK6LINCJ,danilo_pride@hotmail.com
14,Marcille,Huey,3JRL9N9J30,Huey14
15,Warne,Apolonia,B6TS47WU10,apolonia@gmail.com
16,Lagos,Chandra,RZR4T36RA5,chandra.lagos@lagos.org
17,Pacholec,Crissy,PAYXTLZS93,Crissy17
18,Branin,Gianna,X20FN1SP0M,gianna@aol.com
19,Billa,Valentin,PEEN3MU2LY,Valentin19
20,Dudash,Ilona,FFDAPCJLSR,idudash@dudash.com
21,Lablanc,Willard,EA6CLZMO9G,wlablanc@yahoo.com
22,Randol,Lauryn,9CVYZGGRVH,lauryn@yahoo.com
23,Begin,Laurena,98ZYJSR7MV,Laurena23
24,Michelle,Elise,I88QXUU9QZ,Elise24
25,Kardell,Corrie,YXBH1FI5T7,corrie_kardell@aol.com
26,Rabuse,Kimberely,AHKEABSM9Z,kimberely.rabuse@cox.net
27,Violett,Tish,C59WOWY40O,Tish27
28,Stanfield,Hollis,ZHHHKB1RGD,Hollis28
29,Christmann,Andree,VOF0MVRE8J,andree.christmann@cox.net
30,Fucillo,Lyla,LV8YZ82ZDP,Lyla30
31,Yafuso,Felton,CVLBL1P4VR,Felton31
32,Polino,Dell,43GNLWH29I,dell_polino@polino.com
33,Leko,Nohemi,SUXNH9GNE4,nohemi@aol.com
34,Lembke,Tambra,RLTIJF4B6F,Tambra34
35,Maikoksoong,Vicki,C7SGEVG9J9,Vicki35
36,Airhart,Renato,L2YWMZNZL0,renato_airhart@hotmail.com
37,Darbro,Lenita,3MIMIRL4XJ,Lenita37
38,Hagen,Barney,074OI08PKE,Barney38
39,Armacost,Matthew,MWUUSZJMV4,matthew_armacost@gmail.com
40,Nelton,Belen,P5ST44TU25,Belen40
41,Wardle,Iesha,Y6K2VXJG8P,iesha@gmail.com
42,Sarchet,Francesco,SQODGUX50D,Francesco42
43,Rhule,Paulene,PQ5D6V39OK,paulene_rhule@rhule.org
44,Hughlett,Carole,NXZ2YPKUIR,Carole44
45,Dunning,Miss,REZSO6KU06,Miss45
46,Hinsch,Elfrieda,IP7S60ZTW8,Elfrieda46
47,Calzado,Edelmira,BHUI16VRHD,edelmira@hotmail.com
48,Wasurick,Jaime,JUTJ69BQ82,Jaime48
49,Hua,Lera,CPX5LTASJH,lhua@aol.com
50,Mastro,Jame,3SJ5S0XGCV,jmastro@aol.com
51,Hailstone,Jillian,NT0TDQ2GWT,jhailstone@yahoo.com
52,Zarling,Louis,FEMP2U1FXB,louis@zarling.com
53,Mcshaw,Emmett,0J0AF7ISNY,emmett_mcshaw@cox.net
54,Sams,Tammy,2TTB6X7EVL,tammy_sams@sams.com
55,Wylie,Willis,YKV43I0W10,Willis55
56,Brzozowski,Maxima,85I9PSQSG3,mbrzozowski@aol.com
57,Latif,Boris,6OPW4D8LNO,Boris57
58,Knavel,Salina,MP9P4UP3RW,salina.knavel@gmail.com
59,Dini,Justa,1E6CJB81X2,justa.dini@hotmail.com
60,Wolfgang,Amalia,4XUCA8DFCS,amalia_wolfgang@wolfgang.org
61,Tutterrow,Felix,O2KXGYM9AC,Felix61
62,Mcglocklin,Eura,4NXWNZN7VB,eura@mcglocklin.org
63,Heuring,Lang,U7Z9KY52TH,lang@cox.net
64,Lakatos,Agustin,4ZE0X6EPN7,Agustin64
65,Lowrance,Jaime,8H25XPP8UV,jaime.lowrance@lowrance.org
66,Gudiel,Carman,20W4W6U561,Carman66
67,Hofbauer,Argelia,E2DJ768955,argelia.hofbauer@cox.net
68,Cisney,Mammie,N6GUTQ235I,Mammie68
69,Menino,Rashad,IR1TE0HG1B,Rashad69
70,Bastain,Janna,5FNVUGAX20,Janna70
71,Neikirk,Callie,RYP78ECRM3,callie.neikirk@neikirk.org
72,Helmcamp,Coral,YVMCXZ1YJ5,coral.helmcamp@helmcamp.org
73,Mushero,Xenia,8YTWH1QEAS,Xenia73
74,Nitcher,Adelle,2FOSM2KWFR,Adelle74
75,Wehrwein,Hildegarde,CGUZ1BBALK,Hildegarde75
76,Sugai,Phuong,26BXPOP3T0,psugai@gmail.com
77,Lafoy,Leontine,3OKHLWEKD0,llafoy@aol.com
78,Mcalarney,Darell,5NYIEE5ZTK,Darell78
79,Landman,Madonna,LUV8G3OUGX,madonna.landman@landman.com
80,Berggren,Chuck,Z0EM8BO61R,chuck@gmail.com
81,Epperheimer,Gregg,68CPFOCOKU,gepperheimer@aol.com
82,Bubrig,Yan,1CMCB0KX6C,yan@cox.net
83,Garlett,Stephanie,PHU7ZIVF0E,stephanie.garlett@gmail.com
84,Stenquist,Alberto,ZRJ7WYLQB6,alberto_stenquist@stenquist.org
85,Shivers,Wayne,QGJY2LDD2H,wayne@aol.com
86,Bothe,Kristal,MMZXDXWFSO,Kristal86
87,Stadel,Florencia,QBZU2GZ7F7,Florencia87
88,Tumolillo,Darrin,SMOSPPOEFJ,darrin@tumolillo.com
89,Rudig,Freeman,R7XHSGME0J,freeman@yahoo.com
90,Mollison,Lazaro,WZN559MCLH,Lazaro90
91,Rieg,Ellsworth,IOEBI3ENOE,erieg@hotmail.com
92,Mrkvicka,Brinda,4ZFCKE43YX,brinda.mrkvicka@gmail.com
93,Mackedanz,Florinda,S480PR22WS,Florinda93
94,Swartzbeck,Nadine,HGVQ1IW8IG,Nadine94
95,Torchio,Arlette,0PD05N9NE6,Arlette95
96,Krivanec,Adolph,GX8U4BPSG5,akrivanec@hotmail.com
97,Colbath,Georgiana,PED8W7NT23,Georgiana97
98,Lehn,Rana,93282EOK4D,Rana98
99,Morgan,Chi,JHPXLZXPGA,Chi99
100,Prothro,Starr,ML71V9VSTZ,Starr100
101,Roseum,Glennis,IORGB0PK7W,Glennis101
102,Petermeier,Thea,1XS1LSAJDH,Thea102
103,Persechino,Rosalind,L6PD4P4WUO,Rosalind103
104,Tapian,Shenika,X045EFIYMC,Shenika104
105,Vandeberg,Veta,17XW4DFFOI,Veta105
106,Geneseo,Herschel,IJB5ELINUD,Herschel106
107,Tomasic,Dianne,Q3GUUYNRSW,dianne@yahoo.com
108,Gerten,Micah,CCKRTJXTMJ,micah@cox.net
109,Alaibilla,Kaycee,8SG87C7X9Z,kaycee.alaibilla@yahoo.com
110,Brang,Tesha,VTVYF9QUOS,Tesha110
111,Chhour,Marya,0T7E17ROTW,Marya111
112,Kettelle,Ronnie,C8Z25G29Y2,Ronnie112
113,Fower,Mabel,C5N6KSL20T,mabel_fower@fower.com
114,Works,Harley,T4RIN94SG4,harley@cox.net
115,Nedman,Joye,7BMOMF7SFT,joye@cox.net
116,Harnish,Luisa,YF6I1IVZQ2,Luisa116
117,Lortz,Stacey,QVGZCV19HP,stacey_lortz@aol.com
118,Mesmer,Reyes,VVV7XPNAEI,Reyes118
119,Demus,Avery,6E4ZV89G5L,Avery119
120,Scotts,Colby,9542A1R7N4,Colby120
121,Wrinkle,Afton,54FE0QM8TO,awrinkle@wrinkle.org
122,Sifford,India,RGDRC3LD5S,isifford@sifford.org
123,Coin,Brunilda,OVC3CKV29K,brunilda_coin@aol.com
124,Emanuel,Jenifer,CF7IXYJ38L,jemanuel@emanuel.com
125,Nosis,Makeda,S2A1C7AJKY,makeda.nosis@yahoo.com
126,Oppy,Vivan,MVIEUNSTGA,Vivan126
127,Gazzola,Eric,VOM6HI7JJB,Eric127
128,Davirro,Thersa,FN5K9FBM1J,Thersa128
129,Presnal,Mindy,NCLTPBG85H,Mindy129
130,Metzner,Luis,95ZNGCTQPE,lmetzner@metzner.org
131,Mcloud,Dawne,W8RHFD5P54,Dawne131
132,Kinikini,Karrie,W6DHU4XNB8,karrie_kinikini@kinikini.org
133,Hermon,Mozelle,JFGUTM27A0,Mozelle133
134,Hair,Mila,1NKZ69I8EB,mhair@cox.net
135,Jefferys,Gilma,NAGZELU41P,gjefferys@aol.com
136,Mcduffie,Armanda,TAUSAK0WTT,armanda.mcduffie@hotmail.com
137,Normandeau,Vonda,T7Q5D5V1UV,Vonda137
138,Mondale,Truman,KYAQBGAK8S,truman.mondale@aol.com
139,Tenuta,Elvis,EGTNZJTYBC,Elvis139
140,Dedaj,Loise,39K9LQPP7O,loise@aol.com
141,Pedder,Jannette,8WRFCMBATD,Jannette141
142,Rand,Margo,D4S5Y1JS63,margo@rand.org
143,Benett,Dahlia,SXS6JVSBF4,dahlia_benett@aol.com
144,Mckeon,Dominga,CRB79HVJHS,dominga_mckeon@yahoo.com
145,Keomuangtai,Hollis,RZJG1AG4ZM,Hollis145
146,Ziller,Carry,5TMHX329F2,Carry146
147,Fears,Bong,M2325CSWIU,bfears@fears.org
148,Staiano,Yolande,46SID4IYPD,Yolande148
149,Hegdahl,Lottie,Y76DUPQYFO,lottie_hegdahl@aol.com
150,Kylish,Jose,8SSAX1MZ1E,Jose150
151,Abramovitz,Tuyet,YZ1M267NL8,Tuyet151
152,Provenzano,Pearline,FCGKSECATB,Pearline152
153,Hankison,Robt,YUYAYYKPA9,Robt153
154,Kesten,Shawnee,EEYWYYYRH1,Shawnee154
155,Quinones,Lacresha,F0PA460Z32,Lacresha155
156,Vinroe,Basilia,2UAXZJELSR,Basilia156
157,Areizaga,Aleisha,LS5S4JRRT5,aareizaga@hotmail.com
158,Tryninewski,Frank,WXFYQ9IJUU,Frank158
159,Steinhorst,Ria,R2DUEQ4VWQ,Ria159
160,Kallenberger,Carla,A0BCCHXUJ0,Carla160
161,Skahan,Lashanda,SNTVMHWQRB,lashanda.skahan@aol.com
162,Catalina,Jarod,P1XQCMEOF1,jcatalina@aol.com
163,Rabago,Leoma,9AUF67XYN4,leoma.rabago@hotmail.com
164,Greeves,Yasuko,IZYGKCAK2L,Yasuko164
165,Snelling,Jimmie,G2XW3ABGCV,jimmie.snelling@gmail.com
166,Dugre,Titus,P7CKCR3B36,titus.dugre@dugre.org
167,Teoh,Joanne,2A47E9TM91,joanne@yahoo.com
168,Groom,Suzi,REZCCP35C5,Suzi168
169,Amazan,Denny,NTXG942VJS,Denny169
170,Coughlan,Willie,HZ2SV2SAG1,Willie170
171,Brake,Margurite,4ZAEQ7EEXS,margurite.brake@yahoo.com
172,Romack,Arlen,1P3RUL1IKW,arlen.romack@yahoo.com
173,Corna,Shaniqua,7V4JRIGT74,Shaniqua173
174,Boccard,William,G304UJ47EU,william@gmail.com
175,Riviere,Silva,X960L452UI,silva.riviere@riviere.org
176,Haberle,Gearldine,5EM0IWQ64U,Gearldine176
177,Aja,Azalee,JLVYC5ZVYA,Azalee177
178,Plikerd,Kimbery,NL4NDRZ707,kimbery.plikerd@cox.net
179,Kratt,Ricarda,AYZJ913QWO,rkratt@yahoo.com
180,Massay,Macy,U94A46WP6F,macy@hotmail.com
181,Normington,Carol,KAEVNIR2YA,Carol181
182,Czaplinski,Blythe,BBDD0U4IBZ,Blythe182
183,Tesseneer,Tanesha,DIA82QI01H,Tanesha183
184,Orndoff,Yaeko,AWCYK2F56E,Yaeko184
185,Lorenz,Broderick,2Y793N4OUA,broderick_lorenz@hotmail.com
186,Shadle,Twila,XP4RLVXWAQ,Twila186
187,Pead,Sarina,5XFJMW8WR2,Sarina187
188,Peets,Candra,8802R21565,Candra188
189,Aprigliano,Von,GY0769NJJL,von@aol.com
190,Verso,Natalya,V3QTX3RT4Y,Natalya190
191,Rigazio,Stanton,VKQOL4BE57,Stanton191
192,Larner,Dona,74OJQ5BCNN,dona@hotmail.com
193,Choice,Cortney,F9SBPRCH1D,cortney.choice@choice.com
194,Betterton,Ira,24MF8H1DS2,Ira194
195,Pickle,Vanna,FF41OAVGOE,vanna_pickle@aol.com
196,Sabota,Bo,3B0ORK2SXW,Bo196
197,Corners,Nathalie,29WUG1XTPW,nathalie_corners@corners.org
198,Lockamy,Rodney,V5M197Z3HA,Rodney198
199,Hairr,Elena,AOSUE17STN,ehairr@hotmail.com
200,Kraatz,Blossom,1ZOMVBJY37,blossom_kraatz@kraatz.org
201,Griepentrog,Loreen,VX759P6TY0,loreen_griepentrog@aol.com
202,Keirnan,Tayna,L31VGOFA34,Tayna202
203,Planty,Nieves,G0IW8TI647,Nieves203
204,Robinault,Glenn,UJURQMMSZS,Glenn204
205,Racer,Julianna,R1M2A5LN93,Julianna205
206,Nitchals,Ashton,OPL4ZMER36,Ashton206
207,Scovil,Shaun,WUAHGG3VWG,Shaun207
208,Shintaku,Long,EGORTFUQ3J,Long208
209,Meir,Vinnie,BZQD1X1JIH,Vinnie209
210,Flipp,Lucia,0IFSBI9EEF,lucia@aol.com
211,Ivaska,Corazon,0SYYXP26VY,Corazon211
212,Perugini,Jaime,BQVR2ILJ9M,jaime_perugini@perugini.com
213,Stakes,Miriam,E35W3LXU3Q,Miriam213
214,Nigl,Vallie,SEBGHY1BFC,Vallie214
215,Isachsen,Sheldon,JGJ8EVC28C,Sheldon215
216,Balonek,Nickie,21HUZMQA64,nickie.balonek@balonek.com
217,Caneles,Fletcher,6DHNC4AAL8,fcaneles@caneles.com
218,Eisert,Rutha,EUWH97X5CE,rutha@eisert.com
219,Geigel,Brandon,F191NML102,Brandon219
220,Lamme,Franchesca,2Q5WWA12E1,Franchesca220
221,Naddeo,Lorriane,3AXCUMFZ5Y,lorriane.naddeo@naddeo.org
222,Berson,Asuncion,6NDBI7OSNC,aberson@aol.com
223,Hoerter,Georgiann,3DJMXRE2GC,georgiann_hoerter@hoerter.com
224,Bultron,Hershel,CK58RKO86E,Hershel224
225,Collopy,Chu,A6OO8J62RA,Chu225
226,Vosmus,Bettina,BPVHHOIV39,bettina@hotmail.com
227,Sport,Lynsey,D8C56R5CPI,Lynsey227
228,Kuechler,Phil,JL2A1CUE3F,phil_kuechler@gmail.com
229,Nicks,Cordelia,WATGUJ5G54,Cordelia229
230,Marrano,Georgeanna,N5OBU96R0Y,Georgeanna230
231,Lanter,Rosendo,WABN8X15Y4,rosendo@hotmail.com
232,Norcia,Jerilyn,86X7U4EGV7,Jerilyn232
233,Bakeley,Elfriede,38IHO41S7K,ebakeley@bakeley.com
234,Sheck,Harris,QOQPASPY37,Harris234
235,Beilinson,Leonor,WHI8DD7ELP,leonor.beilinson@hotmail.com
236,Waska,Terrilyn,SGQ72AGPC7,terrilyn_waska@hotmail.com
237,Foulds,Maddie,6RRG2DGHCB,maddie@hotmail.com
238,Anstead,Melynda,BU8G3IRDCV,melynda@hotmail.com
239,Thigpen,Odette,BU6L8JHHGR,othigpen@thigpen.com
240,Meinen,Steffanie,JZME6SVDQW,Steffanie240
241,Stimac,Antonette,19DMAYD9B5,antonette_stimac@stimac.org
242,Daneker,Thora,1C2DCQD6O3,Thora242
243,Massanet,Nada,YJP62SVOYM,nmassanet@yahoo.com
244,Dills,Ivette,HR63H243XA,Ivette244
245,Delacerda,Devon,OEYLSQEH57,Devon245
246,Tibbles,Lon,ESPJBJOMK2,lon.tibbles@cox.net
247,Santanna,Tennie,B4OQMYJQ46,tennie@aol.com
248,Vilven,Fidelia,THH8OZTJ3B,Fidelia248
249,Gunyan,Michal,3FQ7O0S4UK,Michal249
250,Yandow,Enola,KEZVAMJ351,eyandow@cox.net
251,Mamudoski,Meghann,NZOIANHN4X,Meghann251
252,Mattia,Latanya,U9OIIW9RI0,lmattia@yahoo.com
253,Firlik,Chandra,PJPMLTSSLG,Chandra253
254,Dewer,Barney,X89ASXPYAK,Barney254
255,Chreene,Ocie,73C2CEAK6M,ocie.chreene@aol.com
256,Dubray,Precious,RA1Q5B8TEO,Precious256
257,Laramie,Sanda,68YZK67XHF,Sanda257
258,Benavente,Gaynell,EJRE0F991Y,gaynell@hotmail.com
259,Cutsforth,Bethanie,ESKQE1UITM,bethanie_cutsforth@cutsforth.org
260,Capiga,Yvette,IG3NVWZK7B,yvette.capiga@yahoo.com
261,Blackmon,Alana,JXYI7CT2TH,ablackmon@gmail.com
262,Beachel,Lakeesha,17VE82K05O,Lakeesha262
263,Friedman,Ailene,EKU2IZUAT6,Ailene263
264,Madson,Valene,ET9AJINZ22,Valene264
265,Bub,Floyd,VY94CSCX6P,fbub@bub.com
266,Hatherly,Josue,08RMT9JICP,jhatherly@hatherly.org
267,Wadden,Johnathon,V87OE7AODO,Johnathon267
268,Drizin,Kenneth,YQ89O9MJN2,kdrizin@aol.com
269,Titzer,Leila,PXEBCNBD2J,leila_titzer@aol.com
270,Quinlisk,Marquetta,01XMEZDL31,Marquetta270
271,Beliles,Annamae,5U5689IVVZ,Annamae271
272,Dosal,An,AE5E514PK2,An272
273,Cortesi,Karina,0L6287419Z,karina_cortesi@hotmail.com
274,Luong,Otis,YWZ2WLJVP4,oluong@gmail.com
275,Kasperek,Brendan,QVQNHBMDCC,Brendan275
276,Evartt,Keith,DGO0DNR0XB,kevartt@evartt.com
277,Arand,Paulina,BMLZXF96IT,Paulina277
278,Welschmeyer,Cherelle,JRRGASHV59,cherelle@hotmail.com
279,Neelon,Percy,UZ2DCFVGG9,Percy279
280,Storrs,Margot,A21S0A50OD,mstorrs@cox.net
281,Bellis,Paris,EIY60HVMI5,paris@gmail.com
282,Masiejczyk,Sina,STDIVDU24C,smasiejczyk@cox.net
283,Selfe,Kimi,MKKIN6XP9X,kimi@cox.net
284,Richrdson,Chun,O67LRJS9X1,Chun284
285,Thiemann,Lelia,C2IJZ8X5YX,Lelia285
286,Zinda,Cordell,KTL9ZC1XE7,Cordell286
287,Aitken,Dorothy,ZJLVPB5SAJ,Dorothy287
288,Mcelreath,Chauncey,BLZUG0RUEM,Chauncey288
289,Stropko,Tenesha,KOBQUSVKEU,Tenesha289
290,Lovero,Anjelica,5OR3ATWL5N,Anjelica290
291,Adessa,Olga,E8N2LHS8GH,Olga291
292,Tindal,Monte,X9YLEUG0LQ,Monte292
293,Mccoskey,Pamela,LI6S30CZ7O,pamela.mccoskey@gmail.com
294,Lippoldt,Toshia,VGRUEQ4ZTM,toshia_lippoldt@aol.com
295,Sandusky,Polly,O46U8D7PB5,Polly295
296,Boerboom,Judy,1TFVB66P0T,jboerboom@boerboom.com
297,Pritt,Celestine,4NN7R6S0FZ,celestine_pritt@cox.net
298,Fode,Murray,SWY37QVFUD,Murray298
299,Courter,Shoshana,8V8VNV6BQ8,Shoshana299
300,Pezley,Glendora,O0PMXVVIG4,glendora.pezley@cox.net
301,Kana,Carlene,PPSKDGIQWE,ckana@kana.com
302,Gilliam,Adria,TK9309FNV4,Adria302
303,Perkins,Paola,8MSZEE40CZ,paola.perkins@aol.com
304,Maury,Elina,HN5DND2GEI,Elina304
305,Dorio,Emile,3J27ZUWFDB,edorio@cox.net
306,Lannigan,Zoila,SR3ZJGEZ1U,Zoila306
307,Yestramski,Yong,WJZVCMK7B5,yong_yestramski@aol.com
308,Stalma,Leontine,QBCKRL0R56,Leontine308
309,Dicus,Troy,AY23BSTCR4,troy_dicus@yahoo.com
310,Vanhuss,Annamaria,S7J3DD8DTE,annamaria.vanhuss@cox.net
311,Lowther,Dorothea,595TADIGLK,Dorothea311
312,Letran,Marion,Q9EV4X4FY2,Marion312
313,Masso,Avery,E909NURGQZ,avery.masso@hotmail.com
314,Bredernitz,Trinidad,HE848ZCXVV,Trinidad314
315,Penso,Herminia,0MMRXTHWRS,Herminia315
316,Bigaud,Val,NFFKESGUJ4,Val316
317,Oviedo,Renay,OO1V7ZQOHV,Renay317
318,Kotow,Buck,4PALAPTMLY,buck_kotow@aol.com
319,Rollison,Toi,7R2HXFB5QB,Toi319
320,Pennel,Shanice,89OFP8NY4X,Shanice320
321,Ramerez,Oliva,7X1ZXQE9HW,Oliva321
322,Crocker,Tamera,KKZ8QZ9N4X,Tamera322
323,Rather,Melvin,PCDDTX3KXA,Melvin323
324,Fitzke,Essie,LWLA0TNB6T,Essie324
325,Knieper,Shay,RXGB9KMCVY,Shay325
326,Sensibaugh,Ruby,GIK3CPO3F1,ruby@sensibaugh.com
327,Doscher,Caren,FMFPIBV2LM,cdoscher@doscher.org
328,Amend,Frank,4HAOZUIT47,Frank328
329,Frisinger,Lasandra,H0DF0ZO7EY,lfrisinger@cox.net
330,Frere,Sommer,TQ7E3Y4KWT,sfrere@yahoo.com
331,Mckeon,Gretchen,SZWYOIP044,gretchen.mckeon@gmail.com
332,Marien,Providencia,JIZQ5EJ7S9,providencia.marien@marien.com
333,Arnoldi,Lindsey,BALNR07OFI,Lindsey333
334,Riesgraf,Romana,68NSG06GD4,romana_riesgraf@hotmail.com
335,Logwood,Nobuko,IR4FBG4VD2,Nobuko335
336,Arredondo,Shawnna,L24ULQ8NF3,Shawnna336
337,Hathcox,Doyle,JN36LZKCLG,Doyle337
338,Deppen,Jacinta,5IPWV2XJLK,jdeppen@cox.net
339,Kuamoo,Tawanna,DTY7E12M18,tawanna_kuamoo@gmail.com
340,Cloutier,Christa,NDU7JBHZWT,Christa340
341,Kotz,Noe,IDFBYA9DRI,nkotz@kotz.org
342,Fajen,Ellen,V2C4T1CKIR,Ellen342
343,Pelletier,Tequila,RVKC7AQXFJ,tequila_pelletier@cox.net
344,Bonventre,Tawny,G24YT3HHF4,Tawny344
345,Mcspedon,Rosalyn,PCUGRNX47B,rosalyn.mcspedon@mcspedon.org
346,Miyata,Noble,J75T32C55H,noble_miyata@gmail.com
347,Hubbell,Lucille,GIPXN2B4BE,Lucille347
348,Tuazon,Azzie,8C2FX4G8O2,Azzie348
349,Arau,Darci,PAKKB0PF2W,Darci349
350,Suman,King,U7J8RD1QOD,King350
351,Zeanah,Denny,6FFYDOQ441,Denny351
352,Frayer,Anissa,FBX35GDAY5,afrayer@frayer.com
353,Heinricher,Rosann,UV9KO7VFBH,rosann_heinricher@heinricher.com
354,Rippy,Jeannine,N7XCGU0IU8,Jeannine354
355,Casteneda,Lashaun,AFP0KP4QGD,Lashaun355
356,Walen,Miesha,Z7FJE61BMA,miesha@aol.com
357,Kountz,Marva,WC62JPHKXJ,Marva357
358,Lamastus,Dion,VQZFGNM944,Dion358
359,Sarkin,Hassie,VS672F11TR,Hassie359
360,Perry,Jin,WMOQQN6669,jin_perry@gmail.com
361,Peth,Demetra,35BFFCYK5R,Demetra361
362,Benauides,Irene,L8VR4XITQD,irene.benauides@gmail.com
363,Pesqueira,Colton,1846IHWF43,Colton363
364,Cilento,William,WAF74I9T02,william.cilento@gmail.com
365,Cupit,Shannan,7S17FZNLZ5,shannan@cox.net
366,Kast,Shelba,YZZ6E3FT6H,shelba.kast@yahoo.com
367,Diebold,Dorcas,Q1FBVL2PCD,dorcas_diebold@diebold.com
368,Wetherby,Rochell,GE9971LXP5,rwetherby@wetherby.org
369,Windell,Amber,G9XSMI1GYI,Amber369
370,Prinkey,Stefanie,SJBWCAKCP4,Stefanie370
371,Sharples,Kenia,XOJ945RHKW,Kenia371
372,Libbey,Jacquline,7RL8O3I6RQ,jacquline@cox.net
373,Michelet,Lavina,7HOFAMJNAI,lavina.michelet@michelet.org
374,Kazar,Billi,E6LOE34V7Z,bkazar@hotmail.com
375,Leuthold,Aron,AHB0RQLN0B,aron_leuthold@leuthold.com
376,Tartar,Annice,WQ5PL1NSU8,atartar@cox.net
377,Zarazua,Hyun,5Y8VD4IBB5,Hyun377
378,Ogle,Shala,DNPGBYNAGV,shala_ogle@ogle.org
379,Canonico,Shasta,9HTI0ESHP4,shasta_canonico@aol.com
380,Braseth,Wenona,GCGT1193IJ,wenona.braseth@braseth.org
381,Gallati,Marla,7O0YNE1CAF,mgallati@gmail.com
382,Palenik,Myra,3YEGRKJ56V,myra_palenik@palenik.com
383,Jacocks,Lawanda,WED7PCU3QL,lawanda.jacocks@gmail.com
384,Kohlman,Curt,EX1YGUFA35,ckohlman@hotmail.com
385,Finstad,Susy,ZF1HK4QF6Y,sfinstad@aol.com
386,Kaper,Kathrine,B5B9XVF90X,kkaper@aol.com
387,Pospishil,Oneida,0HLCBCKLJE,opospishil@aol.com
388,Perera,Allene,WDUCNSYPJY,allene@yahoo.com
389,Leahman,Leonardo,PJC3FUU4NG,Leonardo389
390,Russi,Nakisha,BWAZZL1O2J,Nakisha390
391,Rolling,Stephanie,01IGSGYA0Z,Stephanie391
392,Haycock,Florinda,HGXAV7SOYB,Florinda392
393,Geberth,Merri,PF88FRM4VS,merri.geberth@geberth.com
394,Vereen,Malcom,LF4D34Y6RE,Malcom394
395,Abney,Louvenia,4PJ2ZDE085,Louvenia395
396,Borlace,Alita,DK426SQ3RE,Alita396
397,Ill,Noemi,EJX7UD05GA,noemi_ill@ill.com
398,Ancar,Nydia,BSKQWH7BYT,Nydia398
399,Meisel,Hana,IQL9R5DY9S,Hana399
400,Marrazzo,Noel,14VBO8X7TA,noel@cox.net
401,Rowe,Brice,X564WQQ1O1,brice_rowe@aol.com
402,Kitchens,Nguyet,STZNAZ196T,Nguyet402
403,Mair,Janae,IYDHIM9IHL,Janae403
404,Makley,Darrel,FPMCLY2T6D,dmakley@yahoo.com
405,Milionis,Genevieve,B0LB764J6W,Genevieve405
406,Bacho,Giovanna,ZI3TXARTD8,Giovanna406
407,Spannuth,Shelton,11LVWLEYLE,shelton.spannuth@yahoo.com
408,Mahlum,Alison,6KYX1WQS5S,Alison408
409,Zufall,Maynard,XV3YM81EWQ,mzufall@gmail.com
410,Bussert,Timothy,U1VWE3IJD3,timothy@bussert.com
411,Eddens,Viola,PTLDIMP3N8,Viola411
412,Michon,Luann,R1HA11MJ4U,Luann412
413,Goerke,Mable,Z9HWAAHSJQ,Mable413
414,Kaea,Sabine,M2N3OB0G49,Sabine414
415,Moltz,Dolores,ERQ5EITEMI,dolores@yahoo.com
416,Suero,Hannah,61EHXZLU5Z,Hannah416
417,Blan,Sonia,YLY9TXEU21,sblan@blan.com
418,Stapels,Cletus,B6TP805GSE,cletus_stapels@cox.net
419,Zoldak,Asha,VY569KER2K,asha_zoldak@hotmail.com
420,Billow,Verlene,1AY4RFJ16L,vbillow@billow.com
421,Giglio,Yesenia,EYMK59FXMP,yesenia@cox.net
422,Sine,Tayna,X513RRR98E,Tayna422
423,Jobst,Verona,0YR0H7VE50,verona_jobst@jobst.org
424,Eggers,Denae,VU72CL1Q1U,Denae424
425,Montalgo,Rikki,44V71YBPQR,rikki@montalgo.com
426,Weekly,Nan,0H0UUOPH3M,nan@weekly.com
427,Despain,Sherell,VFJN29V9T8,sdespain@hotmail.com
428,Brennick,Coral,B8V41BMYC2,Coral428
429,Huelse,Phyliss,EL35VNI3NT,phyliss_huelse@aol.com
430,Wida,Jesse,4LUA9LN9W0,jesse@wida.com
431,Helander,Latonia,19YINP16OR,latonia@helander.com
432,Clozza,Aimee,T8FR50J38X,aimee_clozza@clozza.org
433,Staie,Marcelle,MZBP4KLB9O,marcelle_staie@aol.com
434,Schuring,Ilda,6RVL6YMQUC,ilda_schuring@schuring.com
435,Klukken,Aileen,O9D84DBBMI,aklukken@klukken.com
436,Zeng,Davida,H1E5VI6KZ1,davida_zeng@yahoo.com
437,Rubarts,Beata,X3FDYQ6RIV,beata_rubarts@aol.com
438,Wieand,Angelyn,0N4QH86USM,angelyn_wieand@wieand.com
439,Hummell,Claudio,WKWBKE273V,Claudio439
440,Twyman,Krystal,2YJSEKJHR8,Krystal440
441,Echegoyen,Adela,MJASO2H62H,adela.echegoyen@echegoyen.org
442,Phibbs,Ryan,T2DEXASLD7,Ryan442
443,Buettner,Edmond,DI46DRXZPU,edmond_buettner@buettner.org
444,Emmert,Catina,QK0RQJY5PK,Catina444
445,Pattengale,Milly,K26TG6IWH1,milly@hotmail.com
446,Erichsen,Jules,QYPS78DQ71,Jules446
447,Miklitz,Denna,TJAE6BU4D3,dmiklitz@yahoo.com
448,Cesa,Willetta,9IVK4B96XC,willetta_cesa@gmail.com
449,Magathan,Johna,E984JZPVMX,jmagathan@magathan.org
450,Oliverson,Ollie,FYLX49NUER,ooliverson@cox.net
451,Vitrano,Sherly,Q6NOEDP3FB,Sherly451
452,Dishong,Kindra,WOUWKW8Z8B,Kindra452
453,Tentler,Vanda,FOZEWB2G47,Vanda453
454,Fitgerald,Marshall,DSBWSCM67H,marshall_fitgerald@cox.net
455,Hasha,Kelvin,RII37P1IWK,Kelvin455
456,Mathiasen,Darrin,RAWY9U4VOR,dmathiasen@hotmail.com
457,Mccarley,Susana,0X4RV4A4DG,susana_mccarley@gmail.com
458,Nickelson,Wilson,IYM2ATHDF2,Wilson458
459,Talty,Malissa,V95MITFX8I,Malissa459
460,Castillanos,Tandra,XUVZ8HENEQ,tcastillanos@castillanos.com
461,Sammon,Lorean,R757D752JT,lorean@yahoo.com
462,Oien,Desirae,TZ0Z8ODTKY,Desirae462
463,Cerao,Delsie,KD1FYZN66Y,Delsie463
464,Elmquist,Mabel,KDE5V665RA,mabel_elmquist@elmquist.com
465,Purslow,Marnie,O6C5GSO1DN,Marnie465
466,Granier,Rene,O8MM6IXRFV,Rene466
467,Harnist,Trevor,XHPU6EWYXT,trevor.harnist@hotmail.com
468,Batdorf,Sharmaine,DC2MFAB92A,sharmaine_batdorf@batdorf.com
469,Traux,Ricki,8Z9VRM1YGT,Ricki469
470,Shufelt,Bernadine,WPH41W5WUX,bernadine_shufelt@shufelt.org
471,Reider,Shad,GU6MWL9VFU,shad_reider@aol.com
472,Degennaro,Kenneth,3ECKKUBNEL,kenneth.degennaro@aol.com
473,Hennon,Marleen,NFCXJ07TNM,Marleen473
474,Geitner,Joaquin,Y0545LF06U,joaquin_geitner@cox.net
475,Stockham,Slyvia,734G7HIJQN,slyvia.stockham@aol.com
476,Bala,Kris,RF33NXB0UN,kris_bala@gmail.com
477,Diflorio,Gussie,MKSJ24ORH1,Gussie477
478,Lillywhite,Lavelle,V5WN57NVNS,lavelle.lillywhite@hotmail.com
479,Dermo,Bev,9JPQ84CSX8,bev.dermo@dermo.com
480,Digiovanni,Bette,CGSJZ0XAEU,Bette480
481,Mccloud,Lajuana,AW8F33NL1A,Lajuana481
482,Westervelt,Shakira,HUXFLBHY1Q,Shakira482
483,Nickolich,Matt,JIYB785TG3,Matt483
484,Momplaisir,Clemencia,N54VPEQ77V,cmomplaisir@yahoo.com
485,Ambert,Oliva,G1VJSO0VYJ,Oliva485
486,Maye,Ranee,7UBM8H7166,Ranee486
487,Eskew,Ming,IT5HWA03J7,ming_eskew@eskew.com
488,Peckens,Annice,4HWZM19Q7T,Annice488
489,Frymark,Effie,NXS6OEFTGA,effie_frymark@gmail.com
490,Conger,Maricela,UIMO61VHHF,Maricela490
491,Plantenberg,Esteban,SOEU7M71LL,esteban@cox.net
492,Wykle,Doretha,9R04TCQB3O,doretha@yahoo.com
493,Neitzke,Dorsey,1A42RZ7MRB,Dorsey493
494,Okuniewski,Amie,DNT0AB4QD0,amie@yahoo.com
495,Berkoff,Bulah,X3SQD2TUAR,bulah.berkoff@cox.net
496,Delbosque,Erin,SZXFIXJ4JN,Erin496
497,Marushia,Kassandra,H1ZF6EJ5GE,kassandra@gmail.com
498,Matsuno,Leslee,CP83KWLV3Y,leslee_matsuno@matsuno.org
499,Dobler,Daniel,OC2SWYVTDT,Daniel499
500,Unruh,Antonio,FJHGPOGSUA,Antonio500
