1,francoise.rautenstrauch@rautenstrauch.com,-936064616918495532,Francoise78,519-569-8399,2335 Canton Hwy #6WindsorON N8N 3N2
2,kloud@gmail.com,5486745806440546502,Kendra548,506-363-1526,6 Arch St #9757AlcidaNB E8J 2C4
3,lourdes_bauswell@aol.com,7388794760278779036,Lourdes253,613-903-7043,9547 Belmont Rd #21BellevilleON K8P 1B3
4,hannah@yahoo.com,-5610956690016850694,Hannah912,604-334-3686,73 Pittsford Victor RdVancouverBC V5Z 3K2
5,tom.loeza@gmail.com,-6270089746330925219,Tom798,514-487-6096,447 Commercial St SeLIle-PerrotQC J7V 4T4
6,queenie.kramarczyk@kramarczyk.org,-1043765346848141368,Queenie161,306-421-5793,47 Garfield AveSwift CurrentSK S9H 4V2
7,hui_portaro@cox.net,6683320721836271474,Hui381,506-827-7755,3 Mill RdBaker BrookNB E7A 1T3
8,josefa.opitz@opitz.org,-5012158590663075736,Josefa389,519-788-7645,136 W Grand Ave #3DelhiON N4B 1C4
9,lsteinhaus@cox.net,-7021004375939206653,Lea493,905-618-8258,80 Maplewood Dr #34BradfordON L3Z 2S4
10,paola_vielma@aol.com,913830119540225156,Paola555,905-456-1117,58 Hancock StAuroraON L4G 2J7
11,hbresser@aol.com,-441786611229317375,Hortencia801,902-256-6791,808 Calle De IndustriasNew WaterfordNS B1H 1Z4
12,leanna@cox.net,1156619628085626829,Leanna602,416-719-2114,2859 Dorsett RdNorth YorkON M9L 2T9
13,danilo_pride@hotmail.com,1783438292677327623,Danilo955,403-212-4945,6857 Wall StRed DeerAB T4R 2H5
14,huey.marcille@gmail.com,1194950934862595288,Huey424,780-639-3619,169 Journal SqEdmontonAB T5P 1G9
15,apolonia@gmail.com,-4033355259255218912,Apolonia554,506-978-1488,3 E 31st St #77FrederictonNB E3G 0A3
16,chandra.lagos@lagos.org,1721535651208108867,Chandra946,416-716-6446,7 N Dean StEtobicokeON M8Z 3P6
17,crissy@aol.com,-343593936652191178,Crissy228,705-477-2307,85 S State StBarrieON L4N 6T7
18,gianna@aol.com,-3086514758284891992,Gianna514,403-337-7162,100 Main StCalgaryAB T2K 4X5
19,vbilla@yahoo.com,4813496337755299082,Valentin766,306-291-5073,6185 Bohn St #72PangmanSK S0C 2C0
20,idudash@dudash.com,-3563580140183476036,Ilona203,819-536-7034,2 Sutton Pl S #5727Rouyn-NorandaQC J9X 3V4
21,wlablanc@yahoo.com,-8334765739742232915,Willard739,780-384-5410,1534 Sidco DrLeducAB T9E 5A6
22,lauryn@yahoo.com,-5277030942548929330,Lauryn958,604-236-4625,4207 Leon RdNorth VancouverBC V7L 3X6
23,laurena.begin@begin.com,-1205272815774622220,Laurena382,519-790-8660,7564 N Academy AveLondonON N6A 1S5
24,elise@gmail.com,8538634669835523062,Elise848,905-652-4509,88 E Saint Elmo RdHamiltonON L8R 3J3
25,corrie_kardell@aol.com,1155593334663845402,Corrie704,514-203-7817,75 Westchester AvePierrefondsQC H9J 1W6
26,kimberely.rabuse@cox.net,7106519077345766492,Kimberely163,519-912-5533,89 W 35th St #1WindsorON N8S 3R1
27,tish.violett@violett.com,3802867174611741591,Tish301,450-840-7605,1 Norris Ave #4095LavalQC H7W 5K7
28,hollis.stanfield@aol.com,-8616825469832283435,Hollis641,780-574-5620,5174 Interstate 45 NYellowhead CountyAB T7E 3A7
29,andree.christmann@cox.net,-3014875613026391337,Andree562,519-872-6826,765 Rock Island RdStrathroyON N7G 3K6
30,lyla_fucillo@cox.net,-7545168954884239109,Lyla808,902-844-1174,7979 33  191North RiverNS B6L 6N1
31,felton.yafuso@gmail.com,-1852581431634485903,Felton451,613-749-1169,202 Madison AveOttawaON K1Y 1M2
32,dell_polino@polino.com,-2665296543756836540,Dell240,819-255-1725,56 Corporate DrBecancourQC G9H 1H7
33,nohemi@aol.com,-6052151947525356314,Nohemi424,705-838-9265,37 Us Highway 12e E #6Sault Ste. MarieON P6C 2C8
34,tlembke@lembke.org,4315596257076536858,Tambra937,250-353-7479,6734 W Jackson BlvdSalmon ArmBC V1E 4G9
35,vicki@gmail.com,6857262251223969402,Vicki224,604-231-6180,7 Tomahawk DrRichmondBC V7A 3N1
36,renato_airhart@hotmail.com,6976350778975557728,Renato48,403-444-2250,1 Vernon BlvdCalgaryAB T2A 2H9
37,lenita@yahoo.com,905335518206399819,Lenita461,250-749-4517,2726 Franklin Hill RdVernonBC V1T 7V8
38,barney@yahoo.com,-5655198797168519348,Barney506,450-526-5424,6335 Fort Myer DrSaint-HyacintheQC J2S 2N3
39,matthew_armacost@gmail.com,-8355869543057884520,Matthew456,705-417-7221,220 Old Us Highway 441PeterboroughON K9H 6C3
40,bnelton@gmail.com,-8265027531726018477,Belen785,250-768-5812,77 Central Pky NQuesnelBC V2J 1N4
41,iesha@gmail.com,4118827351797957835,Iesha395,416-989-2001,781 Alabama AveEtobicokeON M8Z 2C1
42,francesco@hotmail.com,-6574216087496014410,Francesco420,306-524-4509,22 Dearborn StReginaSK S4T 4B1
43,paulene_rhule@rhule.org,-6291982636347809830,Paulene741,418-348-2107,21 E 64th AveMataneQC G4W 3G6
44,carole_hughlett@hughlett.com,-7889821097967912835,Carole63,604-262-8556,9 N Central AveAbbotsfordBC V2S 5R3
45,mdunning@gmail.com,-2653480630265590515,Miss142,306-508-8874,38 Douglas Rd E #39ReginaSK S4R 1J5
46,elfrieda_hinsch@hinsch.org,-4668857884829337031,Elfrieda277,250-454-9384,4929 Sidney St #8276VernonBC V1T 4A3
47,edelmira@hotmail.com,6268794165869954412,Edelmira692,306-611-7185,4936 Walcott RdReginaSK S4R 3M1
48,jaime_wasurick@hotmail.com,826597329825271888,Jaime505,450-531-8633,6760 E Fayette St #9Saint-DamienQC J0K 2N1
49,lhua@aol.com,-2515969552076703519,Lera249,506-556-4300,6638 S Webster St #491MiramichiNB E1V 2N4
50,jmastro@aol.com,1980588137745857008,Jame764,519-920-7003,4465 James StKitchenerON N2N 1Y6
51,jhailstone@yahoo.com,-2684528993851581050,Jillian88,905-864-2257,8721 Everett RdMississaugaON L4Z 2V7
52,louis@zarling.com,-3235924061115147057,Louis13,418-568-3216,6 E Kingsbridge RdStoneham-Et-TewkesburyQC G3C 2A8
53,emmett_mcshaw@cox.net,8147981865518463802,Emmett994,705-581-1220,920 Union BlvdSault Ste. MarieON P6B 5Y2
54,tammy_sams@sams.com,7251987413240520373,Tammy852,250-226-1002,5 Secaucus RdNanaimoBC V9R 5W6
55,willis@yahoo.com,3170502060716556513,Willis268,418-833-1949,646 9th StSaint-RaymondQC G3L 3X9
56,mbrzozowski@aol.com,1976761890342638973,Maxima934,905-569-6732,864 Aupuni StSt CatharinesON L2T 2V2
57,boris.latif@latif.com,-7300532331345694508,Boris576,418-459-4884,9390 Fortin DrQuebecQC G1M 2H8
58,salina.knavel@gmail.com,611241565992389751,Salina537,613-280-7170,4 Newark StArnpriorON K7S 2G8
59,justa.dini@hotmail.com,5080349558760288942,Justa834,250-982-9377,8 J StVernonBC V1T 6J8
60,amalia_wolfgang@wolfgang.org,4684094390840736568,Amalia592,519-219-3608,394 Dice Rd #861WindsorON N8N 3V8
61,ftutterrow@tutterrow.org,2539834924757003068,Felix24,519-426-7161,92 W 39th St #9990LondonON N6G 3E5
62,eura@mcglocklin.org,-6122321665837991827,Eura214,306-979-2571,9 N Monroe StLloydminsterSK S9V 0C6
63,lang@cox.net,-2734425533942890246,Lang182,519-985-7311,2 Global RdCambridgeON N1R 2X2
64,agustin.lakatos@hotmail.com,2354806248750880453,Agustin649,819-365-5394,23 E Wacker Dr #64BecancourQC G9H 4T4
65,jaime.lowrance@lowrance.org,-4896101241728649330,Jaime561,204-438-6204,1 Nw 167th StWinnipegMB R3J 2Z1
66,carman@gmail.com,3168880312522212804,Carman677,709-366-8943,1 Frontage RdSt. JohnsNL A1B 5B3
67,argelia.hofbauer@cox.net,109659703995088501,Argelia530,604-823-2881,5 ColumbiaNorth VancouverBC V7J 2J9
68,mammie@cox.net,-2511701285016565667,Mammie39,514-205-4258,14 E 30th StMontrealQC H1E 1R4
69,rashad.menino@menino.com,4995152584558849696,Rashad469,613-697-2555,8 Commercial AveCarleton PlaceON K7C 2T3
70,janna@bastain.com,-8597613143050432289,Janna932,604-575-7837,41 Drive  Hwy 54s SVancouverBC V6N 3C5
71,callie.neikirk@neikirk.org,-5675715653990027688,Callie496,905-465-6909,6601 Park Ave #9924MississaugaON L4T 0A1
72,coral.helmcamp@helmcamp.org,-6611428150084358537,Coral153,416-589-6075,4184 E 142nd StTorontoON M5V 0B4
73,xenia@aol.com,-9018443284901620979,Xenia71,613-714-1829,1 El Camino Ave #39KingstonON K7K 1P6
74,anitcher@aol.com,7316315011410462835,Adelle199,905-998-3758,10 Midway DrThoroldON L2V 5C7
75,hwehrwein@gmail.com,-5806141923113945528,Hildegarde213,604-960-7463,2 Cottman AveWest VancouverBC V7T 1R7
76,psugai@gmail.com,-5763367612293494600,Phuong874,450-501-4406,8926 E 119th St #9LavaltrieQC J5T 2C7
77,llafoy@aol.com,-17562011189266107,Leontine17,418-271-8667,191 Richland St #5QuebecQC G1J 4B2
78,darell_mcalarney@mcalarney.com,-290922456690391316,Darell128,905-846-7737,8 E 92nd StAjaxON L1S 6V3
79,madonna.landman@landman.com,5699602743101615719,Madonna1000,250-307-7698,283 Andover StCastlegarBC V1N 3P7
80,chuck@gmail.com,-4907509187054671961,Chuck400,709-534-6576,764 Louisville PlacSt. JohnsNL A1E 2L8
81,gepperheimer@aol.com,-3106705272846994806,Gregg64,514-302-4158,59 W Jackson Blvd #11LasalleQC H8R 3T2
82,yan@cox.net,-6053991134717843370,Yan396,506-493-4894,712 N 5th StGrand MananNB E5G 1L1
83,stephanie.garlett@gmail.com,-426820861511781228,Stephanie798,613-557-7338,6 L St #1761KanataON K2T 1G5
84,alberto_stenquist@stenquist.org,5511980663155165390,Alberto172,905-435-9456,6126 E 14th St #6St CatharinesON L2N 6C7
85,wayne@aol.com,9038191483183741626,Wayne729,418-374-1965,865 Ponce De Leon BlvdChicoutimiQC G7H 6A2
86,kristal@hotmail.com,-591978102989053974,Kristal414,709-976-5766,896 Pershing AveParadiseNL A1L 2Y8
87,fstadel@gmail.com,2237558403845223139,Florencia614,519-961-7871,178 Riverdale RdIngersollON N5C 2W2
88,darrin@tumolillo.com,1042316433686934060,Darrin109,306-748-5721,4 Pedretti Ave #2SaskatoonSK S7H 1X9
89,freeman@yahoo.com,-3007873104693763392,Freeman483,450-347-6388,4 W Sedgley AveOtterburn ParkQC J3H 4V8
90,lazaro@gmail.com,965865513046318805,Lazaro39,450-356-6427,31 E Middlefield Rd #8555BeloeilQC J3G 3J4
91,erieg@hotmail.com,-1453616238533669041,Ellsworth761,613-862-4724,7662 Us Highway 46 #9003NapaneeON K7R 1K5
92,brinda.mrkvicka@gmail.com,-125488438173485596,Brinda945,506-392-8334,1 Park AveNewbridgeNB E7N 1J4
93,florinda_mackedanz@mackedanz.org,-8305066580859177994,Florinda224,506-230-8075,2782 Midland AveDieppeNB E1A 8X6
94,nadine_swartzbeck@swartzbeck.org,8687354765471128958,Nadine626,450-353-2331,3 Federal BlvdBeloeilQC J3G 4M4
95,arlette_torchio@hotmail.com,7387362806354185243,Arlette490,514-459-6883,485 Rolling RdLasalleQC H8R 3C2
96,akrivanec@hotmail.com,-7203368251913195236,Adolph196,416-736-1436,6605 Federal StEtobicokeON M8Y 3L6
97,gcolbath@hotmail.com,-1499121068294360562,Georgiana927,450-409-1254,505 E 9mile RdSainte-ThereseQC J7E 3C9
98,rlehn@yahoo.com,4416210573763418457,Rana83,905-286-8285,32 Rocklyn AveMiltonON L9T 5W8
99,chi@gmail.com,-5183631329012801657,Chi981,418-922-5578,2953 5th Ave #27Saint-RaymondQC G3L 3K2
100,sprothro@prothro.com,-1366329736228100165,Starr751,418-811-3750,133 Us Highway 206ChicoutimiQC G7H 4M5
101,glennis.roseum@gmail.com,-7129237012878253575,Glennis814,204-514-9319,1 Pershing AveBrandonMB R7A 4C6
102,thea@hotmail.com,8059903485991790002,Thea80,418-360-6739,402 Santa Isabel AveSept-IlesQC G4S 1Z5
103,rosalind.persechino@aol.com,-7557360001249890911,Rosalind759,613-975-5760,86 Shady Run RdKanataON K2M 1E6
104,shenika.tapian@aol.com,-4685994154616497393,Shenika909,613-219-1869,4 Collier Rd NwOttawaON K1S 1N5
105,vvandeberg@gmail.com,9095027770324208959,Veta133,506-996-1241,940 E Jefferson AveJuniperNB E7L 1G1
106,herschel@geneseo.com,1639788403483356748,Herschel992,416-786-7887,7753 W 8thTorontoON M4V 1Y3
107,dianne@yahoo.com,-8880376265654631760,Dianne614,902-938-6891,53 6  17 M At BradleysDartmouthNS B2Y 3L2
108,micah@cox.net,-1542905846914145755,Micah788,709-581-5842,103 Madison AveSt. JohnsNL A1E 2J5
109,kaycee.alaibilla@yahoo.com,7925919849397881741,Kaycee50,604-992-6045,8788 E 64th AveVancouverBC V6R 1N3
110,tesha@aol.com,400010813119595956,Tesha144,514-432-5290,831 Vanowen St #5MontrealQC H4K 2N2
111,marya@cox.net,1164284710156053577,Marya513,403-382-4146,661 Pitkin AveCalgaryAB T3Z 3S8
112,ronnie_kettelle@aol.com,1197528290868801949,Ronnie358,902-367-7042,3 Avenue Rt 295 #199HalifaxNS B3H 1M2
113,mabel_fower@fower.com,3907435297572894416,Mabel892,418-339-7473,709 W Waters AveChicoutimiQC G7H 3T5
114,harley@cox.net,-8967159921172978592,Harley738,519-913-7772,27 Spring StWoodstockON N4S 2K1
115,joye@cox.net,-3816350007836918926,Joye565,306-991-3698,9 Court StReginaSK S4N 3J4
116,lharnish@harnish.com,7347320155442496079,Luisa611,604-399-1449,82 Westminster BlvdVancouverBC V5X 2B5
117,stacey_lortz@aol.com,-7607316886379093493,Stacey261,416-310-1610,5039 Coffee RdScarboroughON M1K 1H4
118,reyes@mesmer.org,3932811923427049285,Reyes733,905-402-9203,9 E Thayer Ave #3HamiltonON L8S 2N1
119,avery.demus@aol.com,-6216707257591089406,Avery65,604-548-4412,1 Highland AveMaple RidgeBC V4R 1Z3
120,cscotts@aol.com,-8578159611718263755,Colby407,705-668-5094,7 E 1st StBarrieON L4N 3M9
121,awrinkle@wrinkle.org,-1223563178060914292,Afton633,613-851-7883,652 5th AveOttawaON K1N 6S5
122,isifford@sifford.org,1672099775967722182,India244,416-866-6707,162 Sunrise PlzTorontoON M5N 1J1
123,brunilda_coin@aol.com,5145238727215591219,Brunilda741,506-327-7460,300 Congers Rd #77Saint-PaulNB E4T 3B9
124,jemanuel@emanuel.com,-3841231416886186078,Jenifer502,250-947-2063,78 152nd Ave #4179DuncanBC V9L 4G2
125,makeda.nosis@yahoo.com,-6347758001209083184,Makeda205,416-827-4082,956 Sierra AveTorontoON M5K 1A1
126,voppy@gmail.com,5821783890885138691,Vivan976,306-325-3090,4696 Alewa DrSwift CurrentSK S9H 3S9
127,eric@cox.net,7843777862724582760,Eric962,418-274-7373,732 Congress StSaint-GeorgesQC G5Z 0N4
128,thersa.davirro@aol.com,-7666302973500594631,Thersa356,250-540-5275,863 E Mcdowell RdKamloopsBC V2C 6S8
129,mpresnal@yahoo.com,-3669179689254720624,Mindy446,604-213-8721,82 Us Highway 111VancouverBC V5X 3K2
130,lmetzner@metzner.org,8310626634405732782,Luis2,819-860-8913,8868 S Arroyo Pkwy #996Trois-RivieresQC G8V 2J6
131,dmcloud@cox.net,4043980898529352816,Dawne132,905-760-9649,25 Keystone XingStoney CreekON L8E 2E4
132,karrie_kinikini@kinikini.org,1911906365438526162,Karrie255,250-384-7658,491 Main St #893KamloopsBC V2B 7X9
133,mozelle_hermon@cox.net,-339575763665414863,Mozelle849,506-573-3112,523 Spencerville CtMount PisgahNB E4G 1E8
134,mhair@cox.net,7473252847053507491,Mila369,514-945-2978,515 S Main StSaint-LeonardQC H1P 1M8
135,gjefferys@aol.com,-2247071556522622807,Gilma907,902-804-8543,147 E Centre StHalifaxNS B3H 4E1
136,armanda.mcduffie@hotmail.com,-7144550007775333964,Armanda291,450-866-7181,989 Wyatt Dr #7CowansvilleQC J2K 2M6
137,vonda@yahoo.com,-2881773922332520420,Vonda537,450-706-3809,9891 Main StMirabelQC J7J 1G7
138,truman.mondale@aol.com,-4595177388093574562,Truman495,705-757-7389,1657 N Green StPeterboroughON K9J 0A1
139,elvis_tenuta@tenuta.org,-3304971289476749842,Elvis272,403-415-1285,6437 Date Palm DrCalgaryAB T2B 0X5
140,loise@aol.com,8467056786467657129,Loise213,306-964-9291,1062 RdSaskatoonSK S7K 5J3
141,jpedder@pedder.com,-448214351840368291,Jannette18,604-953-5335,73 Madison AveVancouverBC V6L 2V9
142,margo@rand.org,-4016993745354262079,Margo57,905-781-3868,344 Lyndon StConcordON L4K 1J7
143,dahlia_benett@aol.com,-2037108451396553692,Dahlia871,418-344-9993,3986 Home LifeAlmaQC G8B 1K7
144,dominga_mckeon@yahoo.com,-8078427684940526918,Dominga642,819-627-1581,68 Dd N #1Trois-RivieresQC G8T 7G3
145,hollis.keomuangtai@cox.net,-6173263036991528610,Hollis546,905-928-5294,27 7th StKeswickON L4P 1V3
146,carry@cox.net,-1471811890148933350,Carry474,519-847-8783,8 Maynesboro StStrathroyON N7G 3H9
147,bfears@fears.org,-4515971601920763453,Bong858,514-308-1992,7 State St #1PierrefondsQC H9H 3C8
148,yolande_staiano@gmail.com,-3223128971404669357,Yolande652,613-700-7712,21 N 14th StOrleansON K1C 3C7
149,lottie_hegdahl@aol.com,6655039005943835386,Lottie169,905-638-1034,45 W 21st StUnionvilleON L3R 2H1
150,jose.kylish@aol.com,7427145915899220535,Jose736,514-211-3774,93 Law DrPierrefondsQC H9J 1W6
151,tuyet.abramovitz@abramovitz.com,-4332462449302036297,Tuyet871,905-790-7938,976 Cozycroft AveRichmond HillON L4E 4P3
152,pearline.provenzano@provenzano.org,-4815284838500743556,Pearline751,905-734-9102,611 S 2nd StConcordON L4K 1V4
153,robt_hankison@cox.net,5141171378680900493,Robt507,418-874-8104,3780 Ronson RdQuebecQC G1L 4H3
154,shawnee@yahoo.com,2892378070657325865,Shawnee987,902-208-1038,5 W Irving Park RdBig RidgeNS B1K 1X8
155,lacresha@hotmail.com,-4350050001863164564,Lacresha406,450-213-1080,48 Bernardo CentVaudreuil-DorionQC J7V 5V8
156,basilia.vinroe@gmail.com,-6506128326222999660,Basilia662,418-386-6120,45 S Wells AveQuebecQC G1H 1A6
157,aareizaga@hotmail.com,7464083636591239660,Aleisha208,418-408-1640,960 Deming WayQuebecQC G1C 5G2
158,ftryninewski@gmail.com,-792313127183788387,Frank663,306-653-1772,462 2nd StPrince AlbertSK S6V 6E5
159,ria.steinhorst@steinhorst.com,1120070593844695421,Ria610,418-319-1374,269 Commercial DrJonquiereQC G7S 2S3
160,carla@aol.com,-2827618925540522140,Carla795,519-646-7797,8 Commercial Blvd #9HanoverON N4N 1Z7
161,lashanda.skahan@aol.com,1632492712583334953,Lashanda647,506-497-2698,739 Stockton AveGray RapidsNB E9B 1G6
162,jcatalina@aol.com,-3622245545514133246,Jarod732,705-369-2146,60 Sunrise AveNorth BayON P1B 2L4
163,leoma.rabago@hotmail.com,4016976000232597102,Leoma692,250-810-7815,575 Washington StNanaimoBC V9R 6W5
164,ygreeves@cox.net,-1318433609399831331,Yasuko492,250-891-6910,4634 Anania DrVernonBC V1B 3Z4
165,jimmie.snelling@gmail.com,3654476177405950514,Jimmie894,905-772-1416,24 Sw Bridgeport RdOakvilleON L6J 7H9
166,titus.dugre@dugre.org,-8822453443178130924,Titus180,819-983-1846,419 N Dixboro Rd #8GatineauQC J9J 0V4
167,joanne@yahoo.com,4880996544205474643,Joanne569,905-219-6895,1 W Sierra Madre Blvd #9985St CatharinesON L2M 1R4
168,suzi.groom@groom.org,4555339027456084834,Suzi840,604-700-2946,9 W Jackson BlvdSurreyBC V3S 7P4
169,denny@amazan.com,-3346515997820251613,Denny808,604-239-4105,4974 Rockburn Hill Rd #3SurreyBC V4A 8M9
170,willie@aol.com,-2519116609281649527,Willie194,819-869-6389,8545 S Westshore BlvdCantleyQC J8V 3K1
171,margurite.brake@yahoo.com,-7259387246299198676,Margurite516,519-476-5983,258 S Ash AveAmherstburgON N9V 1S8
172,arlen.romack@yahoo.com,-8611078255508008890,Arlen229,506-218-3036,1 W Green Bay StSaint JohnNB E2K 3R6
173,shaniqua@yahoo.com,4012160474540220197,Shaniqua440,416-573-9093,8 Sylvan AveNorth YorkON M3H 5X6
174,william@gmail.com,370553741772028715,William16,514-606-4631,9 Clove RdPointe-aux-TremblesQC H1B 4R4
175,silva.riviere@riviere.org,-1680765786755188580,Silva242,514-319-4125,10 Canal StPierrefondsQC H8Y 2A9
176,gearldine_haberle@hotmail.com,5512931468766900851,Gearldine248,403-810-3712,62 N 3rd StCalgaryAB T2J 0S5
177,azalee.aja@cox.net,-4607223912482133989,Azalee166,450-515-9694,2607 Market StChateauguayQC J6J 3J8
178,kimbery.plikerd@cox.net,7244698394418736165,Kimbery358,250-504-9388,62 15th Ave #63DuncanBC V9L 2E9
179,rkratt@yahoo.com,2908097857300616339,Ricarda416,902-614-2197,1 Clairemont Mesa BlvdNew GlasgowNS B2H 3Y5
180,macy@hotmail.com,5028071676889627950,Macy286,204-656-8450,6 N Water StDauphinMB R7N 2C7
181,carol@gmail.com,-783809002514814320,Carol925,418-540-2207,1 S Kresson StAlmaQC G8E 1G2
182,blythe_czaplinski@czaplinski.com,7154541704242837282,Blythe144,403-775-4053,4 S 4th StCalgaryAB T2V 2M5
183,tanesha_tesseneer@hotmail.com,3450193497372313292,Tanesha612,416-568-3388,326 Witherspoon StEtobicokeON M9R 2W5
184,yaeko_orndoff@orndoff.org,2012837423539660790,Yaeko94,519-625-4433,66 Hoffman StSt ThomasON N5P 2E5
185,broderick_lorenz@hotmail.com,-216778563876584169,Broderick76,306-285-1574,185 Davis StSaskatoonSK S7N 3M6
186,tshadle@shadle.com,4680317192949020753,Twila334,250-862-6746,20 Simpson Ferry RdVictoriaBC V8Y 1H4
187,spead@cox.net,-3041620911172092718,Sarina293,905-696-6221,7821 16th St NwAjaxON L1S 1S7
188,candra@hotmail.com,4044236536188323786,Candra260,705-799-1235,9 Pulaski Park Dr #7North BayON P1B 2V6
189,von@aol.com,-5801985910287575709,Von661,604-986-3233,63 Baronne StPort MoodyBC V3H 1E8
190,natalya_verso@yahoo.com,8562778497180870589,Natalya122,519-736-9305,74 Chestnut StKitchenerON N2A 1S3
191,srigazio@rigazio.org,855908132814154865,Stanton363,416-801-7398,4 Smith St #5North YorkON M3M 2A4
192,dona@hotmail.com,5164456278093459360,Dona959,416-884-9104,4298 E Drinker StYorkON M6M 1V5
193,cortney.choice@choice.com,921430896797732226,Cortney708,450-339-6016,80 S 33rd PlGreenfield ParkQC J4V 3G8
194,ira.betterton@yahoo.com,8667379004993674575,Ira413,902-240-7029,935 S Padre Island DrHalifaxNS B3K 3E4
195,vanna_pickle@aol.com,251703699924987914,Vanna291,905-309-4565,3 B Main #117NewmarketON L3Y 3M4
196,bo_sabota@sabota.com,-602043989433355343,Bo142,204-210-4967,779 Moore StWinnipegMB R3R 2Z5
197,nathalie_corners@corners.org,4701057868451385258,Nathalie930,705-736-4801,14 Van Buren StPeterboroughON K9H 4B6
198,rodney_lockamy@aol.com,1325073106594803323,Rodney634,613-273-5773,7 N Us Highway 67 #96OttawaON K1S 2E4
199,ehairr@hotmail.com,6693647444842491823,Elena413,709-399-4807,31 Mechanic St #9839StephenvilleNL A2N 2N4
200,blossom_kraatz@kraatz.org,-2409912703529958,Blossom70,416-631-1863,881 Route 38North YorkON M4A 2A6
201,loreen_griepentrog@aol.com,3781159840365791047,Loreen257,613-684-4467,6 Monard DrOrleansON K1C 2E5
202,tayna_keirnan@gmail.com,6221155842739784279,Tayna437,705-655-5936,18 Cowesett AveBarrieON L4N 5C5
203,nplanty@gmail.com,-4768897373876013167,Nieves633,705-616-5386,684 Albion RdPeterboroughON K9H 3K7
204,glenn.robinault@cox.net,-4043046582217268629,Glenn756,514-330-5479,8700 S Jefferson Rd #676LachineQC H8S 3A8
205,jracer@cox.net,-9053539055540347326,Julianna269,506-752-6097,4407 Chestnut Ridge DrSaint JohnNB E2K 5L7
206,ashton@cox.net,-2075970918289751057,Ashton574,905-725-6769,13 Midway PlOakvilleON L6H 5G1
207,shaun_scovil@aol.com,8683985316498854413,Shaun118,905-907-6615,253 Hamilton Ave #1684PickeringON L1W 2P9
208,long.shintaku@shintaku.org,5853690704517733502,Long177,450-771-5010,8 W 41st AveBlainvilleQC J7C 2R9
209,vmeir@meir.com,-9012727976344741749,Vinnie627,416-862-7028,559 Bridge PlzEtobicokeON M8Y 1G5
210,lucia@aol.com,1918616610992700909,Lucia399,416-870-8070,196 Touhy AveScarboroughON M1E 3L6
211,corazon@ivaska.org,-1391185340109547221,Corazon513,306-333-8933,6 W Lincoln AveSaskatoonSK S7K 3K7
212,jaime_perugini@perugini.com,-8752378316629918820,Jaime177,514-950-4495,7071 E 7th St #56VerdunQC H4G 1X4
213,miriam.stakes@yahoo.com,-5156908920845094655,Miriam324,905-441-5009,784 Packerland DrBurlingtonON L7L 5E8
214,vallie@yahoo.com,-4420403352829722250,Vallie903,604-848-3170,7823 N 36th AveNorth VancouverBC V7H 2J2
215,sheldon@isachsen.org,-8421824954805427431,Sheldon635,902-330-7314,35 Milnor StValleyNS B6L 3K5
216,nickie.balonek@balonek.com,7940736612097139944,Nickie459,604-556-1080,7 Saint Nicholas AveNorth VancouverBC V7J 3P8
217,fcaneles@caneles.com,8286243907552358711,Fletcher530,905-992-1637,87 Spencerville Ct #2HamiltonON L8S 3V2
218,rutha@eisert.com,1718182134147812453,Rutha409,905-468-2503,87 W 32nd StNiagara FallsON L2G 3H6
219,bgeigel@gmail.com,-8227998162317932112,Brandon687,604-940-9313,70 W Main StVancouverBC V5Z 3S8
220,franchesca_lamme@yahoo.com,-3036367037212485913,Franchesca432,902-715-9684,3208 W Touhy AveCharlottetownPE C1E 1W8
221,lorriane.naddeo@naddeo.org,3892764400189012826,Lorriane752,250-544-1482,7 Airway CirDuncanBC V9L 2T9
222,aberson@aol.com,-5650775551958985446,Asuncion929,204-318-1929,54 Whitaker WayReinfeldMB R6W 1K7
223,georgiann_hoerter@hoerter.com,2136137856744001817,Georgiann982,819-632-2869,4945 Progress DrGrand-MereQC G9T 3C3
224,hershel_bultron@bultron.org,174606755419822765,Hershel436,519-844-4835,658 W 30th StLondonON N5Z 1R6
225,chu@aol.com,-2332099247239281583,Chu434,819-677-1206,8 E 9mile Rd #697Trois-RivieresQC G8V 2J6
226,bettina@hotmail.com,2278922568972436650,Bettina945,604-752-9256,7 Ryan Industrial CtVancouverBC V6H 3Y2
227,lynsey.sport@aol.com,-3633068668557924211,Lynsey585,604-525-6939,7 Mccrea StChilliwackBC V2P 6L6
228,phil_kuechler@gmail.com,-386019274517315385,Phil293,418-940-4070,7 Mcwhorter RdJonquiereQC G7X 2X4
229,cnicks@nicks.org,-2289729658806594949,Cordelia760,905-975-4308,572 Simpson StGeorgetownON L7G 2T4
230,gmarrano@gmail.com,7679312672160836611,Georgeanna299,905-366-7378,3493 Camino RuizHamiltonON L8N 2V6
231,rosendo@hotmail.com,2967345760634944200,Rosendo64,306-700-6743,2052 E Semoran BlvdReginaSK S4N 5R4
232,jerilyn@hotmail.com,-5880274685054741358,Jerilyn259,519-978-7661,9 Main StHanoverON N4N 2P6
233,ebakeley@bakeley.com,-7733150052378380468,Elfriede353,506-404-8558,538 Fayetteville Street MallGrand-Sault/Grand FallsNB E3Z 2K5
234,harris@cox.net,4055667723682671796,Harris160,514-257-9319,9875 Sheafe RdMontrealQC H2H 1Z2
235,leonor.beilinson@hotmail.com,-5277745785230960358,Leonor201,613-338-5158,269 Distribution WayOrleansON K1C 1Z6
236,terrilyn_waska@hotmail.com,-8728880435255079233,Terrilyn679,819-670-6020,6 E Miraloma AveGatineauQC J8M 2A5
237,maddie@hotmail.com,1286473673183061253,Maddie127,514-874-9519,56 N Wood Ave #25MontrealQC H2M 1W9
238,melynda@hotmail.com,-8351475506267848673,Melynda216,450-470-3593,3 Lee Dr #8435LongueuilQC J4J 3E9
239,othigpen@thigpen.com,1459465993383011767,Odette258,709-744-4165,1831 Everett RdCorner BrookNL A2H 2K1
240,steffanie.meinen@cox.net,8403778846018404622,Steffanie611,514-964-9106,801 W Belmont AveMontrealQC H3C 5G9
241,antonette_stimac@stimac.org,7905339486218619359,Antonette499,519-670-5269,61 N Westshore BlvdKitchenerON N2A 1S3
242,tdaneker@daneker.com,-7217576042182342419,Thora916,819-648-4049,6 Old York RdGatineauQC J8P 3A1
243,nmassanet@yahoo.com,-8383910464865485755,Nada85,604-570-1494,80 Sw End BlvdSurreyBC V3R 4L7
244,idills@cox.net,-7112500914595096857,Ivette149,902-244-5318,7585 Calle De IndustriasReserve MinesNS B1E 1G6
245,devon@hotmail.com,9109662461627778709,Devon597,250-525-4631,250 University Ave #9ComoxBC V9M 1T4
246,lon.tibbles@cox.net,-4423687864148895974,Lon206,905-233-1845,78 Eastway DrMississaugaON L5E 1B7
247,tennie@aol.com,5415009155978644599,Tennie312,819-261-5496,196 Waterman Ave #1Trois-RivieresQC G8T 6A2
248,fvilven@vilven.org,-4336391442773851424,Fidelia700,416-892-4321,9 Meridian StScarboroughON M1G 1V4
249,michal_gunyan@gunyan.com,-3263105988158334912,Michal35,418-399-6819,9514 Mount Vernon AveQuebecQC G2B 4L7
250,eyandow@cox.net,-2554054040582962678,Enola530,902-539-1621,7 Sw 5th AveDartmouthNS B2W 6G3
251,meghann@cox.net,390529195130674905,Meghann111,902-348-8759,7675 N Solano DrHebbvilleNS B4V 7A2
252,lmattia@yahoo.com,2769364478203094949,Latanya941,204-649-9481,8229 S Washington AvePortage la PrairieMB R1N 3T4
253,chandra@gmail.com,8992088736860391777,Chandra333,905-451-3719,686 S Dupont HwyOshawaON L1J 8H1
254,bdewer@gmail.com,-6116627679413890675,Barney709,902-287-1148,88 Norris Ave #2BedfordNS B4A 3V5
255,ocie.chreene@aol.com,-4900382100403813074,Ocie918,613-756-9548,72 W Hampden AveOrleansON K1E 2C8
256,precious.dubray@dubray.com,5270953530275774713,Precious310,705-607-6992,846 Middletown Blvd #427OrilliaON L3V 4N5
257,slaramie@laramie.org,-9162386959720747924,Sanda351,250-700-8923,5181 N Alma School RdDawson CreekBC V1G 1Y2
258,gaynell@hotmail.com,4353067131426200380,Gaynell654,807-284-2501,71 W Indian School RdThunder BayON P7E 2H1
259,bethanie_cutsforth@cutsforth.org,3240061629137717497,Bethanie637,519-328-4250,5 Victory AveCambridgeON N1S 2S8
260,yvette.capiga@yahoo.com,-3029183516208136117,Yvette316,403-919-6456,33 Broadway St #8539Big ValleyAB T0J 0G0
261,ablackmon@gmail.com,8627166752333706227,Alana566,416-386-8947,96 Hook RdScarboroughON M1B 2S5
262,lakeesha_beachel@aol.com,3735956987693783539,Lakeesha440,604-352-7502,1 Sw 72nd AveChilliwackBC V2P 4W3
263,ailene@yahoo.com,4616921988569203596,Ailene772,506-907-7068,479 Commerce ParkEnterpriseNB E7G 1M2
264,valene@madson.org,-3919606343977620260,Valene974,418-646-3844,42 Main StAlmaQC G8B 7M5
265,fbub@bub.com,-8057845106780182754,Floyd919,416-557-9767,4701 N Cocoa BlvdTorontoON M4V 2Z2
266,jhatherly@hatherly.org,2687301716635365917,Josue447,416-337-2239,755 135th StEtobicokeON M9W 1M9
267,johnathon_wadden@hotmail.com,1314699280867609120,Johnathon780,705-646-2781,4714 S Main StPeterboroughON K9J 3N7
268,kdrizin@aol.com,6202279740746742953,Kenneth745,819-999-6396,2 Scott BlvdAmosQC J9T 1S3
269,leila_titzer@aol.com,-3923982447553896556,Leila954,403-733-8035,9 Constitution AveCalgaryAB T2X 2M9
270,marquetta_quinlisk@aol.com,1122910691338303337,Marquetta344,514-950-3156,2965 Lake Lizzie DrMont-RoyalQC H3R 1G3
271,abeliles@gmail.com,-2011427552326608511,Annamae487,604-877-2244,8939 Merrill Field DrBurnabyBC V5G 4J9
272,adosal@hotmail.com,9003302386231058029,An235,819-324-8832,8 Leoole St #3DrummondvilleQC J2B 3J9
273,karina_cortesi@hotmail.com,-1993208652859067476,Karina422,450-252-9611,901 Broughton Ave #7Saint-BrunoQC J3V 5S1
274,oluong@gmail.com,-5664407359076182177,Otis334,519-739-4515,263 L St #1255SimcoeON N3Y 2P6
275,brendan_kasperek@yahoo.com,-8397083066733822945,Brendan282,604-947-9315,84 L St #98CoquitlamBC V3E 2W1
276,kevartt@evartt.com,-3583859545853700794,Keith808,506-229-5393,973 El Camino RealDerby JunctionNB E1V 5B4
277,paulina_arand@cox.net,7300972098834525815,Paulina18,204-636-8766,5652 Wisconsin AveWinnipegMB R2J 2V1
278,cherelle@hotmail.com,7696143006473301516,Cherelle177,519-322-9933,2 Ramona Ave #6GuelphON N1E 5N9
279,percy_neelon@cox.net,8181280442031765767,Percy757,418-537-1430,901 Highway 74RimouskiQC G5L 1N6
280,mstorrs@cox.net,-8461028874011042168,Margot970,905-309-5010,237 S French AveWoodbridgeON L4H 2L8
281,paris@gmail.com,1779721692050089639,Paris393,519-909-5933,89 Parade StWoodstockON N4S 3K1
282,smasiejczyk@cox.net,3063369374854006073,Sina221,416-369-7013,3067 W Wabansia AveEtobicokeON M9C 5B4
283,kimi@cox.net,7029223737959204747,Kimi589,418-795-3880,2 W Kellogg Dr #5JonquiereQC G8A 1H7
284,chun_richrdson@richrdson.org,5672309523752800254,Chun582,306-245-2534,3 Aiea Heights #660ReginaSK S4T 3L1
285,lelia.thiemann@yahoo.com,-4766308184214366206,Lelia497,250-671-3851,440 Town Center DrKamloopsBC V2B 7W6
286,cordell_zinda@cox.net,-1585784863854466628,Cordell656,819-508-6057,91 Argyle RdSherbrookeQC J1H 6E3
287,dorothy.aitken@cox.net,-871472473066359884,Dorothy370,905-554-3838,4 Hanover PikeMississaugaON L5V 1E5
288,chauncey.mcelreath@yahoo.com,-2620430560458557964,Chauncey642,613-908-7090,615 Main St #3722VanierON K1L 7E2
289,tenesha.stropko@aol.com,8501603314518173567,Tenesha513,506-629-6209,648 Waihona St #1152CardiganNB E6B 1L7
290,anjelica@lovero.org,-1515419085010908396,Anjelica552,902-386-1443,689 S Steele St #1887AmherstNS B4H 1K5
291,oadessa@cox.net,-7306080221794663402,Olga864,905-775-6413,8507 Upland StBurlingtonON L7P 4T1
292,monte@cox.net,3119686151720541206,Monte784,450-637-6499,577 Page AveLavalQC H7M 5P7
293,pamela.mccoskey@gmail.com,-5006259020489048010,Pamela805,450-282-1236,6 West St #2TerrebonneQC J6W 4W3
294,toshia_lippoldt@aol.com,5989742753353576323,Toshia169,418-759-7863,7 Duluth StStoneham-Et-TewkesburyQC G3C 0S2
295,polly.sandusky@cox.net,-6612913772653101402,Polly150,905-705-6018,39 Logan Ave #9518HamiltonON L9A 4H9
296,jboerboom@boerboom.com,7916952529005175355,Judy874,709-560-7848,384 N Main StParadiseNL A1L 0H4
297,celestine_pritt@cox.net,7140770687036133529,Celestine811,613-875-3120,79 E 92nd StOttawaON K1G 3B6
298,mfode@yahoo.com,3714197979397620872,Murray595,514-921-5562,59 W Century RdPointe-ClaireQC H9R 5N9
299,shoshana@courter.org,-7698424950815460885,Shoshana685,519-396-2906,8763 N Front StWindsorON N8Y 4T9
300,glendora.pezley@cox.net,2180300930319664792,Glendora673,780-508-2609,2 80e E #7867EdmontonAB T5Y 3J7
301,ckana@kana.com,8579356999304600025,Carlene104,519-930-5055,541 N 88th AveBrantfordON N3T 2H4
302,adria_gilliam@cox.net,-5881627919154511809,Adria287,905-563-9396,60 15th AveHamiltonON L8N 2V6
303,paola.perkins@aol.com,3141921292581526158,Paola970,780-573-8903,3951 Seaway DrGrande PrairieAB T8V 4G4
304,elina.maury@hotmail.com,7353643314714828760,Elina655,416-582-4379,2097 N Stonestreet AveNorth YorkON M6M 3B1
305,edorio@cox.net,534481075788820199,Emile897,450-529-3773,264 Jefferson Hwy #83Saint-BrunoQC J3V 4R8
306,zlannigan@aol.com,-3078537552255030895,Zoila844,416-322-9207,40 N Dean StYorkON M6N 3Z2
307,yong_yestramski@aol.com,57342363670872200,Yong645,519-344-3979,365 Zebra PlBrantfordON N3R 3C6
308,lstalma@stalma.org,6926246544509351985,Leontine27,519-641-7145,859 Franquette AveSimcoeON N3Y 5H1
309,troy_dicus@yahoo.com,-4567997119933238375,Troy563,613-938-7999,58 Calle ArroyoTrentonON K8V 3Z2
310,annamaria.vanhuss@cox.net,-9198414012577356266,Annamaria558,905-495-3301,8348 1st Ave WDundasON L9H 2C3
311,dorothea_lowther@yahoo.com,-5798979992422698890,Dorothea198,705-793-4986,2763 Fort Campbell Blvd #7554SudburyON P3E 2W9
312,marion_letran@cox.net,-7674281128827052593,Marion759,819-966-7240,5670 Leonis BlvdGatineauQC J8Y 5Z4
313,avery.masso@hotmail.com,-3338509936032262390,Avery280,902-588-8947,6 Central Ave #664AmherstNS B4H 1N1
314,trinidad@yahoo.com,5003135840918558347,Trinidad179,514-561-2312,75 N Washington AveLasalleQC H8N 1S9
315,hpenso@cox.net,-6137305965179476298,Herminia995,780-740-5294,880 W South Water MarketFort McMurrayAB T9H 3A8
316,val_bigaud@aol.com,-2771161526789588123,Val922,514-726-2573,42 N 16th St #620MontrealQC H2C 3A1
317,renay.oviedo@oviedo.com,-992339622379791281,Renay337,416-336-6767,873 E Cumberland StNorth YorkON M6B 3Y3
318,buck_kotow@aol.com,9031370885905856641,Buck266,807-668-2676,863 Mcgilchrist St SeThunder BayON P7E 2H1
319,toi_rollison@rollison.com,3169646282177985808,Toi743,450-714-2875,2 S Church StTerrebonneQC J6W 1M9
320,shanice.pennel@pennel.org,-7512222323809347236,Shanice430,613-850-3405,31 N Canal StKingstonON K7L 2Y7
321,oramerez@yahoo.com,-7708858073170317071,Oliva162,403-690-1059,8688 Manning Blvd #547CalgaryAB T2C 1W4
322,tcrocker@cox.net,2753362372301107853,Tamera561,780-833-7024,652 Pacific HwyEdmontonAB T5C 3M1
323,melvin.rather@aol.com,3443056948551312996,Melvin387,819-418-3496,8794 34th AveDrummondvilleQC J2B 3S8
324,essie_fitzke@fitzke.org,393100737297872655,Essie436,506-785-2719,9 3rd StWelshpoolNB E5E 1G8
325,shay.knieper@gmail.com,-125629706374880305,Shay183,450-806-3050,571 Maiden Ln #7BrossardQC J4X 1J9
326,ruby@sensibaugh.com,8471810587971767783,Ruby754,604-553-2468,637 Wright RdCoquitlamBC V3K 2P4
327,cdoscher@doscher.org,4841214719160963313,Caren875,403-344-3614,1770 Mission AveCalgaryAB T3H 2S3
328,frank@yahoo.com,-6858694721328532190,Frank402,519-823-9369,2583 Lincoln BlvdCambridgeON N1S 1A7
329,lfrisinger@cox.net,3366144686614414593,Lasandra679,604-210-7413,1 Highway 71 SAbbotsfordBC V2S 2G5
330,sfrere@yahoo.com,-3452399747826157479,Sommer237,450-777-9643,1309 Pitney RdSaint-HubertQC J3Y 4R3
331,gretchen.mckeon@gmail.com,-7871224941577327071,Gretchen296,250-617-7197,809 W Bayshore RdTrailBC V1R 4Y2
332,providencia.marien@marien.com,-5081960223269786617,Providencia524,613-256-5226,83 Magnavox WayOttawaON K2C 2V1
333,larnoldi@arnoldi.com,2978626187065085074,Lindsey230,250-387-4636,87 Via ContentaWest KelownaBC V1Z 2J2
334,romana_riesgraf@hotmail.com,-4482609265483521027,Romana9,506-310-3728,986 Whitaker WayMonctonNB E1A 6P3
335,nobuko.logwood@cox.net,-2001214723609556417,Nobuko924,519-739-4745,612 York StSarniaON N7V 3X4
336,sarredondo@arredondo.com,6862375520019481137,Shawnna494,613-996-1062,4 N Brand BlvdOrleansON K4A 0V9
337,doyle.hathcox@aol.com,-5873595247399962885,Doyle40,250-227-4140,48 Market StPrince GeorgeBC V2M 1K4
338,jdeppen@cox.net,-8350807134065828659,Jacinta718,250-203-5054,1458 W Henry StNelsonBC V1L 1A7
339,tawanna_kuamoo@gmail.com,5730184573181172585,Tawanna585,418-734-9693,380 Main StMataneQC G4W 3G6
340,ccloutier@hotmail.com,4809149542241636254,Christa39,403-461-2407,743 Wolfert AveCalgaryAB T2L 2G4
341,nkotz@kotz.org,-6529435525892856867,Noe389,250-901-1245,3878 Little John WaySalt Spring IslandBC V8K 2T5
342,ellen.fajen@aol.com,-5081849130876352025,Ellen435,780-720-7927,32 Marguerite PkyEdmontonAB T6A 0L9
343,tequila_pelletier@cox.net,1927111714711781258,Tequila145,905-692-6934,6173 Landmeier RdRichmond HillON L4C 9T5
344,tbonventre@aol.com,619515851463715748,Tawny78,604-632-4346,5 Middletown BlvdRichmondBC V6Y 1L9
345,rosalyn.mcspedon@mcspedon.org,-7670136968525101359,Rosalyn942,613-362-7798,449 Oakwood AveKingstonON K7K 3L3
346,noble_miyata@gmail.com,4041777119820495287,Noble189,519-346-6651,7059 E Kilbourn Ave #252TillsonburgON N4G 4Y4
347,lhubbell@yahoo.com,-4116815930304135105,Lucille92,250-904-7361,8 General DrNanaimoBC V9R 4Z4
348,azzie.tuazon@hotmail.com,5087296956240529417,Azzie520,905-208-4039,5518 Whippany RdOakvilleON L6L 6V2
349,darci@cox.net,-6442030328563504921,Darci887,819-294-4679,2 Hill RdTrois-RivieresQC G8Z 3J2
350,king@cox.net,-1062487894082300131,King518,418-470-4541,79 Lexington Ave #83ChicoutimiQC G7J 4W9
351,denny_zeanah@zeanah.com,1552499968549169812,Denny964,514-224-2722,339 W 1st StMontrealQC H2Z 1P5
352,afrayer@frayer.com,-1461101928780706644,Anissa483,604-925-4225,7635 Run SubdivisionSurreyBC V3X 2L5
353,rosann_heinricher@heinricher.com,7633754792780485075,Rosann470,450-474-6397,91 Nw 52nd AveMirabelQC J7N 2E1
354,jeannine_rippy@rippy.com,-395372360825493084,Jeannine145,902-811-1450,7767 W Central Ave #2TruroNS B2N 6J6
355,lashaun.casteneda@casteneda.com,3605335508161233546,Lashaun352,780-751-5370,894 Feather River BlvdEdmontonAB T6L 4W9
356,miesha@aol.com,-1257916124324577362,Miesha449,705-646-4992,2 Executive BlvdEspanolaON P5E 1C1
357,marva@gmail.com,-7583879073591910226,Marva455,416-494-3939,1 N Main St #16EtobicokeON M9A 0A5
358,dion_lamastus@lamastus.com,7091494387988670364,Dion57,418-212-6756,44 S Highland DrAlbanelQC G8M 3P2
359,hassie_sarkin@aol.com,-8334431252622274064,Hassie984,902-210-1513,958 Airline DrValleyNS B6L 2X2
360,jin_perry@gmail.com,807622759637891808,Jin412,416-463-6411,18 Cameron StEtobicokeON M9C 2W4
361,demetra_peth@aol.com,-4527647359748900962,Demetra219,819-858-7901,79 E Jackson StSherbrookeQC J1K 1C5
362,irene.benauides@gmail.com,8550403050376374597,Irene881,506-251-3150,45 19th StLyttletonNB E9E 1Y1
363,cpesqueira@hotmail.com,-2855301273365060102,Colton828,905-796-8265,305 Industrial BlvdOakvilleON L6H 6M8
364,william.cilento@gmail.com,-2400426014010548038,William949,403-251-6126,1434 Ash StTrochuAB T0M 2C0
365,shannan@cox.net,-1707603615816120547,Shannan67,416-266-5891,6 S San Marcos RdNorth YorkON M2N 2B8
366,shelba.kast@yahoo.com,3242458484968393841,Shelba792,902-654-7334,56 Washington RdHalifaxNS B3K 2C1
367,dorcas_diebold@diebold.com,3856458570133728139,Dorcas522,905-860-8703,8899 E Slauson AveMississaugaON L5M 4A7
368,rwetherby@wetherby.org,2879802420064763630,Rochell223,418-362-9768,142 E 57th Ave #2AmquiQC G5J 1E2
369,amber.windell@cox.net,-4570305608039764403,Amber318,604-864-2113,41 Augusta HwyRichmondBC V6X 3S2
370,stefanie_prinkey@prinkey.org,2804365026637771680,Stefanie191,604-833-9067,985 Joyce StSurreyBC V3R 4T5
371,kenia_sharples@hotmail.com,-830446100530939687,Kenia887,403-341-7208,611 Grand AveCalgaryAB T2J 1Y3
372,jacquline@cox.net,4230001180109122652,Jacquline359,418-682-7368,647 S Rainbow Blvd Bldg #4577Cap-aux-MeulesQC G4T 1M6
373,lavina.michelet@michelet.org,8246472638620240625,Lavina539,514-842-3549,2719 N Delaware StAnjouQC H1M 1X5
374,bkazar@hotmail.com,5055977548821535617,Billi100,604-458-2387,71 Linden AveSurreyBC V3W 9G2
375,aron_leuthold@leuthold.com,6753907664818731545,Aron720,604-637-3549,9 Park StChilliwackBC V2P 3X4
376,atartar@cox.net,5598248667659441532,Annice412,819-342-1651,430 State Route 10 #7548SherbrookeQC J1N 0H6
377,hyun_zarazua@cox.net,2494767660830979049,Hyun954,519-287-4120,8718 N 13th AveChathamON N7L 5C4
378,shala_ogle@ogle.org,5153944812775163338,Shala600,418-823-9061,4956 Midway Rd #65FatimaQC G4T 2N4
379,shasta_canonico@aol.com,5830679332436958559,Shasta709,705-531-2796,71 West AveSault Ste. MarieON P6C 2C8
380,wenona.braseth@braseth.org,6860030672314090937,Wenona472,450-751-1928,7 Ramon RdBeloeilQC J3G 2C1
381,mgallati@gmail.com,1106777682400888056,Marla69,514-872-9323,922 Railroad Ave #7063LachineQC H8R 1R7
382,myra_palenik@palenik.com,-1706740456198481858,Myra998,418-930-7475,5661 Harding StMontmagnyQC G5V 1N6
383,lawanda.jacocks@gmail.com,2601625298595070920,Lawanda226,250-226-8113,92 A Glenneyre AveCranbrookBC V1C 4E3
384,ckohlman@hotmail.com,3842778017727969078,Curt854,306-739-3437,5 Westbranch Dr #36SaskatoonSK S7M 3S3
385,sfinstad@aol.com,-274519804734577365,Susy584,403-571-8756,6 N Town East BlvdCalgaryAB T2X 0J3
386,kkaper@aol.com,5684083590021170040,Kathrine835,902-500-1564,100 Rombouts AveHalifaxNS B3N 2X2
387,opospishil@aol.com,4761852025683917238,Oneida683,819-511-9240,5 E King St #6VictoriavilleQC G6T 1N5
388,allene@yahoo.com,-4628852213346071883,Allene696,416-681-6822,7167 Bethlehem Pike #80EtobicokeON M9P 1J9
389,leonardo@aol.com,-297483458990798779,Leonardo188,403-328-5056,80 Wisconsin AveCalgaryAB T2L 1X5
390,nakisha_russi@russi.com,-4785099660660870459,Nakisha507,403-513-9660,8265 W Camelback RdLethbridgeAB T1H 6T3
391,srolling@rolling.org,7985753977693003266,Stephanie137,306-510-5011,45 S Cedar Ridge DrLloydminsterSK S9V 1T4
392,florinda_haycock@cox.net,3474916341279369610,Florinda742,819-820-6568,6096 N Michigan AveGatineauQC J8P 4L6
393,merri.geberth@geberth.com,-1879405309510888321,Merri343,204-894-9221,4 Beaverbrook RdWinnipegMB R2P 2J7
394,malcom.vereen@yahoo.com,356434251362320165,Malcom370,519-334-1058,548 Midland AveWindsorON N8T 1V1
395,louvenia_abney@hotmail.com,7254293512626964913,Louvenia80,306-256-9309,6 Friendship Dr #5055Prince AlbertSK S6V 6A4
396,alita_borlace@yahoo.com,-8061824856385521631,Alita107,807-289-5397,5 S Gage St #6175KenoraON P9N 1K7
397,noemi_ill@ill.com,-3551806960255932501,Noemi135,705-414-4712,18 Nw 6th StSault Ste. MarieON P6B 2W6
398,nydia.ancar@ancar.com,-2504689509738890945,Nydia95,780-924-8022,5 Pittsford Victor RdEdmontonAB T5V 1M7
399,hana.meisel@yahoo.com,-6018982140169255668,Hana834,403-696-7108,6 E Rand Rd #73CalgaryAB T2J 1G9
400,noel@cox.net,3577042821510075393,Noel485,780-447-2249,91 E Cary StCamroseAB T4V 2Y4
401,brice_rowe@aol.com,-2444575413370679127,Brice843,613-631-9322,5 New Circle Rd NeBellevilleON K8N 1R9
402,nguyet_kitchens@yahoo.com,-5765853399863551435,Nguyet249,403-883-4097,68 Nw Raleigh St #88Red DeerAB T4N 2H5
403,janae_mair@cox.net,-5652781897663802151,Janae859,905-501-5086,8 S Mcmullen Dr #38AjaxON L1T 1R5
404,dmakley@yahoo.com,5208627910540812162,Darrel193,506-839-5378,6 N Volusia Ave #2Baie-Sainte-AnneNB E9A 1P1
405,genevieve.milionis@hotmail.com,-3386704130542249347,Genevieve200,705-467-4142,5 Cedar StSault Ste. MarieON P6B 5Y9
406,giovanna@cox.net,8387274359743578747,Giovanna621,604-203-8085,71 S Newtown StNorth VancouverBC V7M 3J6
407,shelton.spannuth@yahoo.com,-4668746769756038758,Shelton250,204-364-5889,4 Bloomfield Ave #5BrandonMB R7B 1N3
408,alison_mahlum@hotmail.com,-2614193649994364384,Alison888,613-862-3122,841 N Monroe StBellevilleON K8N 2W3
409,mzufall@gmail.com,5141685797951613679,Maynard395,604-875-7745,5094 Poway RdVancouverBC V5X 4K1
410,timothy@bussert.com,-2029710791535953567,Timothy42,416-521-5624,43 Winnetka AveTorontoON M4C 3Y1
411,veddens@eddens.org,-2608799471173262447,Viola720,506-772-3108,51 S Hulen StGrand MananNB E5G 3A8
412,luann@cox.net,-6822834554225386712,Luann439,514-578-7262,5 Goddard RdMontrealQC H2S 2G9
413,mable_goerke@cox.net,-5507818371797854991,Mable902,416-867-5879,7 Woodbridge AveTorontoON M6P 2V5
414,sabine@gmail.com,3355587995397427422,Sabine490,905-586-1138,48 Lower Ragsdale Dr #1349BramptonON L6W 1A8
415,dolores@yahoo.com,8084145715497870714,Dolores894,506-216-2028,80 S Beckley StFrederictonNB E3B 2P9
416,hsuero@yahoo.com,-5282061191610191827,Hannah47,905-543-3967,3314 Hawthorne StOakvilleON L6L 3G9
417,sblan@blan.com,-2606778677903979724,Sonia795,709-512-6346,924 W Saint Mary BlvdDeer LakeNL A8A 2A6
418,cletus_stapels@cox.net,-4383520421069574988,Cletus894,780-674-7330,9713 Wilbur Ave #163EdmontonAB T6P 1K3
419,asha_zoldak@hotmail.com,-7176315151636864164,Asha657,418-470-9730,4 Gray AveSaint-StanislasQC G8L 7B6
420,vbillow@billow.com,6105848518924601695,Verlene665,905-486-5455,8528 A Park RdBramptonON L6P 0X3
421,yesenia@cox.net,-5492613228270319922,Yesenia802,506-858-9797,1262 W 19th StJanevilleNB E2A 5K7
422,tayna_sine@sine.com,8052135409003231181,Tayna549,905-334-8817,99 Garfield Ave #370BurlingtonON L7R 3Y8
423,verona_jobst@jobst.org,8955115301313147975,Verona719,514-842-7487,9041 Grand Plaza PlacMontrealQC H3V 1E3
424,denae_eggers@gmail.com,9083681170325733935,Denae624,204-341-2445,475 S Figueroa StWinnipegMB R2K 3B5
425,rikki@montalgo.com,5711224215677987998,Rikki894,514-472-6857,7 Lagrange St #10MontrealQC H2K 3M3
426,nan@weekly.com,4713319912736348630,Nan555,519-928-8049,16 Ridge CenterLondonON N5Y 5M9
427,sdespain@hotmail.com,-8541814112141049338,Sherell760,604-344-4458,66 62nd St #30SurreyBC V3R 6N7
428,coral.brennick@brennick.com,2178476530257638255,Coral918,450-480-7421,15 Ludlow Ave #156BouchervilleQC J4B 1R5
429,phyliss_huelse@aol.com,-9038199967361212444,Phyliss545,403-540-2604,672 Neil Armstrong St #59LethbridgeAB T1K 2L9
430,jesse@wida.com,8396457783202867955,Jesse325,905-356-4735,1 E Gabilan StBurlingtonON L7T 3Y9
431,latonia@helander.com,-1842897478080031700,Latonia802,905-723-5674,6325 Statesville RdBramptonON L6V 4R8
432,aimee_clozza@clozza.org,-5380937220533946831,Aimee851,613-804-8102,7 N Wacker Dr #42OttawaON K1K 0K4
433,marcelle_staie@aol.com,-2160735334521266594,Marcelle56,905-817-1934,76 N Harlem AveStoney CreekON L8E 4S4
434,ilda_schuring@schuring.com,8751144190540659358,Ilda248,780-830-2958,80 Ringwood Ave #7St. AlbertAB T8N 1L5
435,aklukken@klukken.com,3461716762791328264,Aileen361,416-390-4510,8 Wilfong LnNorth YorkON M2N 2T3
436,davida_zeng@yahoo.com,6878746832149866513,Davida447,450-375-8192,8881 Hopkins StSainte-SophieQC J5J 2B5
437,beata_rubarts@aol.com,2013888309798374086,Beata434,250-808-6765,19 Torresdale Ave #58VictoriaBC V8X 1R2
438,angelyn_wieand@wieand.com,-6081775842595246223,Angelyn816,905-838-3914,79 Craig RdBramptonON L6X 0E3
439,claudio_hummell@hotmail.com,-2443532931380043688,Claudio81,403-481-8843,432 Eastman AveCalgaryAB T3L 2H1
440,ktwyman@gmail.com,3961563781697453179,Krystal151,416-712-8230,9 Garcia Ave #38ScarboroughON M1C 1N8
441,adela.echegoyen@echegoyen.org,-7938466278852490204,Adela477,604-571-8392,128 W Kellogg DrBurnabyBC V5B 4L5
442,rphibbs@gmail.com,5032694473113392103,Ryan791,306-621-2626,7827 Commercial St Se #37ReginaSK S4V 3B8
443,edmond_buettner@buettner.org,-8449092601390638561,Edmond729,450-829-7834,67 N Washington Ave #960Saint-EustacheQC J7P 1A5
444,catina@gmail.com,8952240208960058470,Catina903,807-652-2563,19 Distribution WayThunder BayON P7C 4H3
445,milly@hotmail.com,-653565436675804102,Milly710,780-799-6418,20 Fort Campbell Blvd #4792WetaskiwinAB T9A 3K1
446,jules@cox.net,230247730943824274,Jules701,905-929-8054,1 Parkfair Dr #1219MississaugaON L5C 1L3
447,dmiklitz@yahoo.com,2889772667185544203,Denna192,450-409-1005,1736 Us Highway 19n N #6Saint-Jean-sur-RichelieuQC J3B 0C5
448,willetta_cesa@gmail.com,-5865896081620918896,Willetta337,902-981-7382,578 E Us Highway 36 #3MembertouNS B1S 2P3
449,jmagathan@magathan.org,-7987622466247400739,Johna761,780-994-6272,1724 W Dodge RdEdmontonAB T6K 4E5
450,ooliverson@cox.net,-5231970220421426139,Ollie753,416-762-4001,1 W 8thEtobicokeON M9W 3W4
451,svitrano@hotmail.com,4056499747147635013,Sherly455,902-480-3185,8 Cochise TrlSydneyNS B1P 1C1
452,kdishong@gmail.com,3717316257764276157,Kindra349,613-510-3295,4 Sutton LnNepeanON K2E 6A5
453,vanda_tentler@tentler.org,-1424049369818871591,Vanda253,250-605-3501,7 Shetland CtKimberleyBC V1A 2M7
454,marshall_fitgerald@cox.net,-2789804263894434397,Marshall293,403-918-5509,526 Main StCalgaryAB T2M 4H2
455,khasha@hotmail.com,1521797879241790425,Kelvin468,780-227-7373,18 Duluth StEdmontonAB T5M 4A7
456,dmathiasen@hotmail.com,-6770403088135434827,Darrin708,450-536-7426,35 Peconic Ave #4BouchervilleQC J4B 3Y4
457,susana_mccarley@gmail.com,-4631075064534479722,Susana27,519-491-9261,7 S QuebecWindsorON N9E 2G5
458,wilson_nickelson@aol.com,-1522846931511672991,Wilson993,416-376-7867,74 Se 3rd Ave #1494North YorkON M2J 3W5
459,malissa@talty.org,6026959767670120855,Malissa577,506-724-2777,3 Bush StSaint JohnNB E2M 2N5
460,tcastillanos@castillanos.com,3960077503152693625,Tandra352,905-715-9339,629 105th AveHamiltonON L9C 3G2
461,lorean@yahoo.com,5957375837314625176,Lorean391,306-854-5060,58 Executive DrReginaSK S4S 3Y3
462,desirae.oien@hotmail.com,9121188370043023980,Desirae764,403-405-2804,200 W Bijou St #6013CalgaryAB T2C 0Z5
463,delsie.cerao@cerao.org,-59032619895904675,Delsie133,506-795-5209,2 Us Highway 206English SettlementNB E6B 2J9
464,mabel_elmquist@elmquist.com,3234544765264774392,Mabel90,204-285-3978,8570 E 8th StWinnipegMB R2K 0Y2
465,marnie.purslow@purslow.com,1810697623000058305,Marnie402,204-904-1386,3068 N Interstate 35WinnipegMB R2V 3G6
466,rene@cox.net,6124555944965139097,Rene103,403-438-9257,4241 Tapp StCalgaryAB T3Z 1H1
467,trevor.harnist@hotmail.com,-2513828467334826756,Trevor626,902-782-2576,99 Hart StDartmouthNS B2Y 1G7
468,sharmaine_batdorf@batdorf.com,1944561991029413022,Sharmaine61,506-839-1630,1822 Guilford RdSaint-BasileNB E7C 2L8
469,ricki.traux@traux.com,8777775235958576193,Ricki940,514-657-1920,995 Concord RdMontrealQC H3J 1S4
470,bernadine_shufelt@shufelt.org,-2397825163281795054,Bernadine683,705-693-2982,3 Main StSudburyON P3C 2X6
471,shad_reider@aol.com,1502541409137041988,Shad500,780-953-3852,7995 Douglas Rd E #6LloydminsterAB T9V 2M7
472,kenneth.degennaro@aol.com,511277065039445743,Kenneth353,506-763-6456,965 Bryant StSt MartinsNB E5R 1G5
473,marleen_hennon@aol.com,3150987942603998841,Marleen793,604-545-3662,2863 Brooklyn Terminal MktAbbotsfordBC V2S 4M2
474,joaquin_geitner@cox.net,6659873669209057933,Joaquin253,403-640-8755,6410 E State HwyCalgaryAB T2K 4M8
475,slyvia.stockham@aol.com,-3726594906551702524,Slyvia848,418-913-7998,4895 Country Club RdQuebecQC G1K 5J8
476,kris_bala@gmail.com,-7697099860015493532,Kris786,905-848-5458,43 Gateway BlvdBramptonON L7A 2E8
477,gussie_diflorio@cox.net,-6076848154646814966,Gussie755,613-857-7922,881 South St #4TrentonON K8V 1G7
478,lavelle.lillywhite@hotmail.com,2603288164170535678,Lavelle423,418-442-4179,5 S Taylor AveLa MalbaieQC G5A 2R8
479,bev.dermo@dermo.com,5242843580118659774,Bev890,604-880-6351,6059 Alewa DrSurreyBC V3X 1X5
480,bette.digiovanni@digiovanni.org,7247221376135811727,Bette841,519-882-6434,345 Broadway StLondonON N6K 4J9
481,lajuana_mccloud@hotmail.com,-2074214183741535195,Lajuana550,450-272-6370,7 W Pine StSaint-ThomasQC J0K 3L0
482,swestervelt@westervelt.org,-6263848509766664911,Shakira254,604-991-8721,5470 N Lamar Blvd #542North VancouverBC V7J 2J9
483,matt@gmail.com,4853451403645766093,Matt83,306-891-2346,103 E Main St #59ReginaSK S4S 5Y2
484,cmomplaisir@yahoo.com,-5322395401518548862,Clemencia517,514-804-3533,698 N Allen RdMontrealQC H3J 2N8
485,oambert@gmail.com,-5876404590878197006,Oliva633,506-672-7328,1 Broadway StDawson SettlementNB E4H 2B6
486,ranee_maye@maye.com,-4552893992906056380,Ranee728,450-700-5970,5361 N 500 W #3065Les CedresQC J7T 3A9
487,ming_eskew@eskew.com,-5986916339339850683,Ming598,250-228-6798,4153 Broughton AveVictoriaBC V9A 6P6
488,apeckens@peckens.org,-6584556328013967064,Annice840,250-727-7309,5 Falls RdVictoriaBC V8V 2P7
489,effie_frymark@gmail.com,-5889666815109986407,Effie50,519-433-4142,51 3rd AveLondonON N5W 5G1
490,mconger@aol.com,-3447911281378767390,Maricela394,604-568-1899,865 N Port AveCoquitlamBC V3E 1Y4
491,esteban@cox.net,3959077966371775507,Esteban236,604-519-9547,78 E RiverSurreyBC V4P 0C4
492,doretha@yahoo.com,-3268796329820185069,Doretha204,807-383-4855,5106 N Laurel Park DrKenoraON P9N 4E7
493,dorsey_neitzke@hotmail.com,7185523973457108385,Dorsey153,902-936-9426,9768 A Aven #112TruroNS B2N 3P6
494,amie@yahoo.com,3548450076881532989,Amie825,613-686-9039,24 Venice RdPembrokeON K8A 8M7
495,bulah.berkoff@cox.net,-5412261483857132670,Bulah509,519-309-5863,2497 Pennsylvania AveStrathroyON N7G 3V5
496,erin@cox.net,1135686779580647889,Erin992,450-316-7813,357 W Mount Royal AveLongueuilQC J4M 2A8
497,kassandra@gmail.com,6323005463899622494,Kassandra228,250-646-6446,123 Euclid Ave #9396NanaimoBC V9R 1C9
498,leslee_matsuno@matsuno.org,-4969939984067279704,Leslee276,418-460-5773,1251 E Main St #990QuebecQC G1H 1A6
499,ddobler@dobler.com,4791943612010245941,Daniel78,506-617-2607,259 W 17th St #39BeresfordNB E8K 1B7
500,antonio.unruh@hotmail.com,8266026505071373228,Antonio260,604-624-7690,9 Route 38Port CoquitlamBC V3C 2Z4
